<?xml version="1.0" encoding="utf-8"?>
<COLLADA xmlns="http://www.collada.org/2008/03/COLLADASchema" version="1.5.0">
<asset>
<contributor>
<author>Lindwurm</author>
<authoring_tool>Lindwurm Voxel Collada exporter</authoring_tool>
</contributor>
<created>2026-08-06 21:44:37</created>
<modified>2026-08-06 21:44:37</modified>
<unit name="meter" meter="1"/>
<up_axis>Z_UP</up_axis>
</asset>
<library_cameras/>
<library_lights/>
<library_images/>
<library_effects>
<effect id="Material_000-effect">
<profile_COMMON>
<technique sid="common">
<phong>
<emission>
<color sid="emission">0 0 0 1</color>
</emission>
<ambient>
<color sid="ambient">0.9822506 0.6795425 0.48515 1</color>
</ambient>
<diffuse>
<color sid="diffuse">0.9822506 0.6795425 0.48515 1</color>
</diffuse>
<specular>
<color sid="specular">0 0 0 1</color>
</specular>
<shininess>
<float sid="shininess">1</float>
</shininess>
<index_of_refraction>
<float sid="ior">1</float>
</index_of_refraction>
</phong>
</technique>
</profile_COMMON>
</effect>
<effect id="Material_001-effect">
<profile_COMMON>
<technique sid="common">
<phong>
<emission>
<color sid="emission">0 0 0 1</color>
</emission>
<ambient>
<color sid="ambient">0.4341537 0.01096009 0.01096009 1</color>
</ambient>
<diffuse>
<color sid="diffuse">0.4341537 0.01096009 0.01096009 1</color>
</diffuse>
<specular>
<color sid="specular">0 0 0 1</color>
</specular>
<shininess>
<float sid="shininess">1</float>
</shininess>
<index_of_refraction>
<float sid="ior">1</float>
</index_of_refraction>
</phong>
</technique>
</profile_COMMON>
</effect>
<effect id="Material_002-effect">
<profile_COMMON>
<technique sid="common">
<phong>
<emission>
<color sid="emission">0 0 0 1</color>
</emission>
<ambient>
<color sid="ambient">0 0 0 1</color>
</ambient>
<diffuse>
<color sid="diffuse">0 0 0 1</color>
</diffuse>
<specular>
<color sid="specular">0 0 0 1</color>
</specular>
<shininess>
<float sid="shininess">1</float>
</shininess>
<index_of_refraction>
<float sid="ior">1</float>
</index_of_refraction>
</phong>
</technique>
</profile_COMMON>
</effect>
<effect id="Material_003-effect">
<profile_COMMON>
<technique sid="common">
<phong>
<emission>
<color sid="emission">0 0 0 1</color>
</emission>
<ambient>
<color sid="ambient">1 1 1 1</color>
</ambient>
<diffuse>
<color sid="diffuse">1 1 1 1</color>
</diffuse>
<specular>
<color sid="specular">0 0 0 1</color>
</specular>
<shininess>
<float sid="shininess">1</float>
</shininess>
<index_of_refraction>
<float sid="ior">1</float>
</index_of_refraction>
</phong>
</technique>
</profile_COMMON>
</effect>
<effect id="Material_004-effect">
<profile_COMMON>
<technique sid="common">
<phong>
<emission>
<color sid="emission">0 0 0 1</color>
</emission>
<ambient>
<color sid="ambient">0 0.02415763 0.3467041 1</color>
</ambient>
<diffuse>
<color sid="diffuse">0 0.02415763 0.3467041 1</color>
</diffuse>
<specular>
<color sid="specular">0 0 0 1</color>
</specular>
<shininess>
<float sid="shininess">1</float>
</shininess>
<index_of_refraction>
<float sid="ior">1</float>
</index_of_refraction>
</phong>
</technique>
</profile_COMMON>
</effect>
</library_effects>
<library_materials>
<material id="Material_255-material" name="Material_255">
<instance_effect url="#Material_255-effect"/>
</material>
<material id="Material_000-material" name="Material_000">
<instance_effect url="#Material_000-effect"/>
</material>
<material id="Material_001-material" name="Material_001">
<instance_effect url="#Material_001-effect"/>
</material>
<material id="Material_002-material" name="Material_002">
<instance_effect url="#Material_002-effect"/>
</material>
<material id="Material_003-material" name="Material_003">
<instance_effect url="#Material_003-effect"/>
</material>
<material id="Material_004-material" name="Material_004">
<instance_effect url="#Material_004-effect"/>
</material>
</library_materials>
<library_geometries>
<geometry id="Voxel_0-mesh" name="Voxel_0">
<mesh>
<source id="Voxel_0-mesh-positions">
<float_array id="Voxel_0-mesh-positions-array" count="5916">0.03 -0.03 0.72 0.03 0.03 0.72 -0.03 0.03 0.72 -0.03 -0.03 0.72 0.09 -0.03 0.72 0.09 0.03 0.72 0.15 -0.03 0.72 0.15 -0.03 0.78 0.15 0.03 0.78 0.15 0.03 0.72 -0.09 0.03 0.72 -0.09 -0.03 0.72 -0.15 -0.03 0.72 -0.15 0.03 0.72 -0.15 0.03 0.78 -0.15 -0.03 0.78 -0.03 0.03 0.84 0.03 0.03 0.84 0.03 -0.03 0.84 -0.03 -0.03 0.84 0.15 -0.03 0.84 0.15 0.03 0.84 0.09 0.03 0.84 0.09 -0.03 0.84 -0.15 0.03 0.84 -0.15 -0.03 0.84 -0.09 0.03 0.84 -0.09 -0.03 0.84 0.03 -0.09 0.72 -0.03 -0.09 0.72 -0.15 -0.09 0.72 -0.15 -0.09 0.78 -0.09 -0.09 0.72 0.15 -0.09 0.72 0.15 -0.09 0.78 0.09 -0.09 0.72 0.03 0.09 0.72 -0.03 0.09 0.72 0.09 0.09 0.72 -0.09 0.09 0.72 0.15 0.09 0.78 0.15 0.09 0.72 -0.15 0.09 0.72 -0.15 0.09 0.78 -0.15 -0.15 0.72 -0.15 -0.15 0.78 -0.09 -0.15 0.72 -0.09 -0.15 0.78 0.15 -0.15 0.72 0.15 -0.15 0.78 0.09 -0.15 0.72 0.09 -0.15 0.78 -0.03 -0.15 0.72 -0.03 -0.15 0.78 0.03 -0.15 0.72 0.03 -0.15 0.78 -0.15 0.15 0.72 -0.15 0.15 0.78 -0.09 0.15 0.72 -0.09 0.15 0.78 0.15 0.15 0.78 0.15 0.15 0.72 0.09 0.15 0.72 0.09 0.15 0.78 -0.03 0.15 0.72 -0.03 0.15 0.78 0.03 0.15 0.72 0.03 0.15 0.78 0.15 0.09 0.84 0.09 0.09 0.84 -0.15 0.09 0.84 -0.09 0.09 0.84 0.03 0.09 0.84 -0.03 0.09 0.84 0.15 0.15 0.84 0.09 0.15 0.84 -0.15 0.15 0.84 -0.09 0.15 0.84 0.03 0.15 0.84 -0.03 0.15 0.84 0.15 -0.09 0.84 0.09 -0.09 0.84 -0.15 -0.09 0.84 -0.09 -0.09 0.84 0.03 -0.09 0.84 -0.03 -0.09 0.84 0.15 -0.15 0.84 0.09 -0.15 0.84 -0.15 -0.15 0.84 -0.09 -0.15 0.84 0.03 -0.15 0.84 -0.03 -0.15 0.84 0.03 -0.03 0.84 0.03 0.03 0.84 -0.03 0.03 0.84 -0.03 -0.03 0.84 0.09 -0.03 0.84 0.09 0.03 0.84 -0.09 0.03 0.84 -0.09 -0.03 0.84 0.15 -0.03 0.84 0.15 -0.03 0.9 0.15 0.03 0.9 0.15 0.03 0.84 -0.15 -0.03 0.84 -0.15 0.03 0.84 -0.15 0.03 0.9 -0.15 -0.03 0.9 -0.03 0.03 0.96 0.03 0.03 0.96 0.03 -0.03 0.96 -0.03 -0.03 0.96 0.09 0.03 0.96 0.09 -0.03 0.96 -0.09 0.03 0.96 -0.09 -0.03 0.96 0.15 -0.03 0.96 0.15 0.03 0.96 -0.15 0.03 0.96 -0.15 -0.03 0.96 0.03 -0.09 0.84 -0.03 -0.09 0.84 0.09 -0.09 0.84 -0.09 -0.09 0.84 0.15 -0.09 0.84 0.15 -0.09 0.9 -0.15 -0.09 0.84 -0.15 -0.09 0.9 0.15 0.09 0.9 0.15 0.09 0.84 0.09 0.09 0.84 -0.15 0.09 0.84 -0.15 0.09 0.9 -0.09 0.09 0.84 0.03 0.09 0.84 -0.03 0.09 0.84 -0.15 0.15 0.84 -0.15 0.15 0.9 -0.09 0.15 0.84 -0.09 0.15 0.9 0.15 0.15 0.9 0.15 0.15 0.84 0.09 0.15 0.84 0.09 0.15 0.9 -0.03 0.15 0.84 -0.03 0.15 0.9 0.03 0.15 0.84 0.03 0.15 0.9 0.03 -0.15 0.84 -0.03 -0.15 0.84 0.03 -0.15 0.9 -0.03 -0.15 0.9 -0.09 -0.15 0.84 -0.09 -0.15 0.9 0.09 -0.15 0.84 0.09 -0.15 0.9 0.15 -0.15 0.84 0.15 -0.15 0.9 -0.15 -0.15 0.84 -0.15 -0.15 0.9 0.03 -0.09 0.96 -0.03 -0.09 0.96 0.09 -0.09 0.96 -0.09 -0.09 0.96 0.15 -0.09 0.96 -0.15 -0.09 0.96 0.15 -0.15 0.96 0.09 -0.15 0.96 -0.15 -0.15 0.96 -0.09 -0.15 0.96 0.03 -0.15 0.96 -0.03 -0.15 0.96 -0.15 0.09 0.96 -0.09 0.09 0.96 0.15 0.09 0.96 0.09 0.09 0.96 -0.03 0.09 0.96 0.03 0.09 0.96 -0.03 0.15 0.96 0.03 0.15 0.96 0.09 0.15 0.96 -0.09 0.15 0.96 0.15 0.15 0.96 -0.15 0.15 0.96 0.03 -0.03 0.96 0.03 0.03 0.96 -0.03 0.03 0.96 -0.03 -0.03 0.96 0.09 -0.03 0.96 0.09 0.03 0.96 -0.09 0.03 0.96 -0.09 -0.03 0.96 0.15 -0.03 0.96 0.15 -0.03 1.02 0.15 0.03 1.02 0.15 0.03 0.96 -0.15 -0.03 0.96 -0.15 0.03 0.96 -0.15 0.03 1.02 -0.15 -0.03 1.02 -0.03 0.03 1.08 0.03 0.03 1.08 0.03 -0.03 1.08 -0.03 -0.03 1.08 0.09 0.03 1.08 0.09 -0.03 1.08 -0.09 0.03 1.08 -0.09 -0.03 1.08 0.15 -0.03 1.08 0.15 0.03 1.08 -0.15 0.03 1.08 -0.15 -0.03 1.08 0.03 -0.09 0.96 -0.03 -0.09 0.96 0.09 -0.09 0.96 -0.09 -0.09 0.96 0.15 -0.09 0.96 0.15 -0.09 1.02 -0.15 -0.09 0.96 -0.15 -0.09 1.02 0.03 -0.15 0.96 -0.03 -0.15 0.96 0.03 -0.15 1.02 -0.03 -0.15 1.02 0.09 -0.15 0.96 0.09 -0.15 1.02 -0.09 -0.15 0.96 -0.09 -0.15 1.02 0.15 -0.15 0.96 0.15 -0.15 1.02 -0.15 -0.15 0.96 -0.15 -0.15 1.02 0.03 0.09 0.96 -0.03 0.09 0.96 0.09 0.09 0.96 -0.09 0.09 0.96 0.15 0.09 1.02 0.15 0.09 0.96 -0.15 0.09 0.96 -0.15 0.09 1.02 0.03 0.15 0.96 -0.03 0.15 0.96 0.03 0.15 1.02 -0.03 0.15 1.02 0.09 0.15 0.96 0.09 0.15 1.02 -0.09 0.15 0.96 -0.09 0.15 1.02 0.15 0.15 1.02 0.15 0.15 0.96 -0.15 0.15 0.96 -0.15 0.15 1.02 -0.03 0.09 1.08 0.03 0.09 1.08 0.09 0.09 1.08 -0.09 0.09 1.08 0.15 0.09 1.08 -0.15 0.09 1.08 -0.03 0.15 1.08 0.03 0.15 1.08 0.09 0.15 1.08 -0.09 0.15 1.08 0.15 0.15 1.08 -0.15 0.15 1.08 0.03 -0.09 1.08 -0.03 -0.09 1.08 0.09 -0.09 1.08 -0.09 -0.09 1.08 0.15 -0.09 1.08 -0.15 -0.09 1.08 0.03 -0.15 1.08 -0.03 -0.15 1.08 0.09 -0.15 1.08 -0.09 -0.15 1.08 0.15 -0.15 1.08 -0.15 -0.15 1.08 0.03 -0.03 1.08 0.03 0.03 1.08 -0.03 0.03 1.08 -0.03 -0.03 1.08 0.09 -0.03 1.08 0.09 0.03 1.08 0.15 -0.03 1.08 0.15 -0.03 1.14 0.15 0.03 1.14 0.15 0.03 1.08 -0.09 0.03 1.08 -0.09 -0.03 1.08 -0.15 -0.03 1.08 -0.15 0.03 1.08 -0.15 0.03 1.14 -0.15 -0.03 1.14 -0.03 0.03 1.2 0.03 0.03 1.2 0.03 -0.03 1.2 -0.03 -0.03 1.2 0.15 -0.03 1.2 0.15 0.03 1.2 0.09 0.03 1.2 0.09 -0.03 1.2 -0.15 0.03 1.2 -0.15 -0.03 1.2 -0.09 0.03 1.2 -0.09 -0.03 1.2 -0.15 0.09 1.08 -0.15 0.09 1.14 -0.09 0.09 1.08 0.15 0.09 1.14 0.15 0.09 1.08 0.09 0.09 1.08 -0.03 0.09 1.08 0.03 0.09 1.08 -0.15 0.15 1.08 -0.15 0.15 1.14 -0.09 0.15 1.08 -0.09 0.15 1.14 0.15 0.15 1.14 0.15 0.15 1.08 0.09 0.15 1.08 0.09 0.15 1.14 -0.03 0.15 1.08 -0.03 0.15 1.14 0.03 0.15 1.08 0.03 0.15 1.14 0.03 -0.09 1.08 -0.03 -0.09 1.08 0.15 -0.09 1.08 0.15 -0.09 1.14 0.09 -0.09 1.08 -0.15 -0.09 1.08 -0.15 -0.09 1.14 -0.09 -0.09 1.08 -0.15 -0.15 1.08 -0.15 -0.15 1.14 -0.09 -0.15 1.08 -0.09 -0.15 1.14 0.15 -0.15 1.08 0.15 -0.15 1.14 0.09 -0.15 1.08 0.09 -0.15 1.14 -0.03 -0.15 1.08 -0.03 -0.15 1.14 0.03 -0.15 1.08 0.03 -0.15 1.14 0.15 0.09 1.2 0.15 0.15 1.2 0.09 0.15 1.2 0.09 0.09 1.2 -0.15 0.15 1.2 -0.15 0.09 1.2 -0.09 0.15 1.2 -0.09 0.09 1.2 0.03 0.15 1.2 0.03 0.09 1.2 -0.03 0.15 1.2 -0.03 0.09 1.2 0.15 -0.09 1.2 0.09 -0.09 1.2 -0.15 -0.09 1.2 -0.09 -0.09 1.2 0.03 -0.09 1.2 -0.03 -0.09 1.2 0.15 -0.15 1.2 0.09 -0.15 1.2 -0.15 -0.15 1.2 -0.09 -0.15 1.2 0.03 -0.15 1.2 -0.03 -0.15 1.2 0.03 -0.03 1.2 0.03 -0.03 1.26 0.03 0.03 1.26 0.03 0.03 1.2 -0.03 -0.03 1.2 -0.03 0.03 1.2 -0.03 0.03 1.26 -0.03 -0.03 1.26 -0.27 -0.03 1.32 -0.27 0.03 1.32 -0.27 0.03 1.38 -0.27 -0.03 1.38 -0.21 -0.03 1.32 -0.21 0.03 1.32 0.27 -0.03 1.32 0.27 -0.03 1.38 0.27 0.03 1.38 0.27 0.03 1.32 0.21 0.03 1.32 0.21 -0.03 1.32 -0.21 -0.15 1.44 -0.21 -0.09 1.44 -0.21 -0.09 1.5 -0.21 -0.15 1.5 -0.15 -0.15 1.5 -0.15 -0.15 1.44 0.21 -0.15 1.44 0.21 -0.15 1.5 0.21 -0.09 1.5 0.21 -0.09 1.44 0.15 -0.15 1.44 0.15 -0.15 1.5 -0.09 -0.15 1.5 -0.09 -0.15 1.44 0.09 -0.15 1.44 0.09 -0.15 1.5 0.03 -0.15 1.5 0.03 -0.15 1.44 -0.03 -0.15 1.44 -0.03 -0.15 1.5 -0.27 -0.03 1.44 -0.27 0.03 1.44 -0.27 0.03 1.5 -0.27 -0.03 1.5 0.27 -0.03 1.44 0.27 -0.03 1.5 0.27 0.03 1.5 0.27 0.03 1.44 0.03 -0.15 1.26 0.03 -0.09 1.26 -0.03 -0.09 1.26 -0.03 -0.15 1.26 0.03 -0.15 1.32 -0.03 -0.15 1.32 0.21 -0.15 1.26 0.21 -0.15 1.32 0.21 -0.09 1.32 0.21 -0.09 1.26 0.15 -0.09 1.26 0.15 -0.15 1.26 0.15 -0.15 1.32 -0.09 -0.09 1.26 -0.09 -0.15 1.26 -0.09 -0.15 1.32 0.09 -0.15 1.26 0.09 -0.09 1.26 0.09 -0.15 1.32 -0.15 -0.09 1.26 -0.15 -0.15 1.26 -0.15 -0.15 1.32 -0.21 -0.15 1.26 -0.21 -0.09 1.26 -0.21 -0.09 1.32 -0.21 -0.15 1.32 0.27 -0.09 1.32 0.27 -0.09 1.38 0.21 -0.09 1.38 -0.27 -0.09 1.32 -0.27 -0.09 1.38 -0.21 -0.09 1.38 0.27 -0.09 1.44 0.27 -0.09 1.5 -0.27 -0.09 1.44 -0.27 -0.09 1.5 -0.27 0.09 1.38 -0.27 0.09 1.44 -0.21 0.09 1.38 -0.21 0.09 1.44 0.27 0.09 1.44 0.27 0.09 1.38 0.21 0.09 1.38 0.21 0.09 1.44 0.21 0.09 1.32 0.15 0.09 1.32 0.15 0.03 1.32 -0.15 0.03 1.32 -0.15 0.09 1.32 -0.21 0.09 1.32 -0.27 0.09 1.32 0.27 0.09 1.32 -0.03 0.03 1.26 -0.03 0.09 1.26 -0.09 0.09 1.26 -0.09 0.03 1.26 -0.03 0.09 1.32 -0.09 0.09 1.32 0.09 0.03 1.26 0.09 0.09 1.26 0.03 0.09 1.26 0.03 0.03 1.26 0.09 0.09 1.32 0.03 0.09 1.32 -0.15 0.03 1.26 -0.15 0.09 1.26 0.15 0.03 1.26 0.15 0.09 1.26 -0.27 -0.03 1.56 -0.27 -0.09 1.56 -0.21 -0.03 1.56 -0.21 -0.09 1.56 0.27 -0.09 1.56 0.27 -0.03 1.56 0.21 -0.03 1.56 0.21 -0.09 1.56 -0.03 -0.03 1.26 -0.09 -0.03 1.26 0.09 -0.03 1.26 0.03 -0.03 1.26 -0.15 -0.03 1.26 0.15 -0.03 1.26 0.21 -0.03 1.26 0.21 0.03 1.26 -0.21 -0.03 1.26 -0.21 0.03 1.26 -0.21 -0.15 1.38 -0.15 -0.15 1.38 0.21 -0.15 1.38 0.15 -0.15 1.38 -0.03 -0.15 1.38 -0.09 -0.15 1.38 0.09 -0.15 1.38 0.03 -0.15 1.38 -0.27 0.03 1.56 -0.21 0.03 1.56 0.27 0.03 1.56 0.21 0.03 1.56 -0.27 0.09 1.5 -0.27 0.09 1.56 -0.21 0.09 1.56 -0.21 0.09 1.5 0.27 0.09 1.56 0.27 0.09 1.5 0.21 0.09 1.56 0.21 0.09 1.5 -0.21 -0.15 1.56 -0.15 -0.15 1.56 0.21 -0.15 1.56 0.15 -0.15 1.56 0.09 0.15 1.56 0.15 0.15 1.56 0.15 0.09 1.56 0.09 0.09 1.56 0.09 0.15 1.5 0.15 0.15 1.5 -0.15 0.15 1.56 -0.09 0.15 1.56 -0.09 0.09 1.56 -0.15 0.09 1.56 -0.15 0.15 1.5 -0.09 0.15 1.5 0.03 0.15 1.56 0.03 0.09 1.56 0.03 0.15 1.5 -0.03 0.15 1.56 -0.03 0.09 1.56 -0.03 0.15 1.5 0.21 0.15 1.56 0.21 0.15 1.5 -0.21 0.15 1.5 -0.21 0.15 1.56 0.09 0.15 1.44 0.15 0.15 1.44 -0.15 0.15 1.44 -0.09 0.15 1.44 0.03 0.15 1.44 -0.03 0.15 1.44 -0.21 0.15 1.44 0.21 0.15 1.44 0.09 0.15 1.38 0.15 0.15 1.38 -0.15 0.15 1.38 -0.09 0.15 1.38 0.03 0.15 1.38 -0.03 0.15 1.38 -0.21 0.15 1.38 0.21 0.15 1.38 0.15 0.15 1.32 0.09 0.15 1.32 -0.09 0.15 1.32 -0.15 0.15 1.32 0.03 0.15 1.32 -0.03 0.15 1.32 -0.21 0.15 1.32 0.21 0.15 1.32 0.09 -0.03 1.62 0.15 -0.03 1.62 0.15 -0.09 1.62 0.09 -0.09 1.62 -0.15 -0.03 1.62 -0.09 -0.03 1.62 -0.09 -0.09 1.62 -0.15 -0.09 1.62 -0.03 -0.03 1.62 -0.03 -0.09 1.62 0.03 -0.03 1.62 0.03 -0.09 1.62 -0.21 -0.03 1.62 -0.21 -0.09 1.62 0.21 -0.09 1.62 0.21 -0.03 1.62 -0.09 -0.15 1.62 -0.15 -0.15 1.62 -0.09 -0.15 1.56 0.15 -0.15 1.62 0.09 -0.15 1.62 0.09 -0.15 1.56 -0.03 -0.15 1.62 -0.03 -0.15 1.56 0.03 -0.15 1.62 0.03 -0.15 1.56 -0.21 -0.15 1.62 0.21 -0.15 1.62 0.03 -0.21 1.5 -0.03 -0.21 1.5 0.03 -0.21 1.56 -0.03 -0.21 1.56 0.09 -0.21 1.5 0.09 -0.21 1.56 -0.09 -0.21 1.5 -0.09 -0.21 1.56 -0.15 -0.21 1.5 -0.15 -0.21 1.56 0.15 -0.21 1.5 0.15 -0.21 1.56 0.09 0.03 1.62 0.15 0.03 1.62 -0.15 0.03 1.62 -0.09 0.03 1.62 0.03 0.03 1.62 -0.03 0.03 1.62 -0.21 0.03 1.62 0.21 0.03 1.62 0.09 0.09 1.62 0.15 0.09 1.62 -0.15 0.09 1.62 -0.09 0.09 1.62 0.03 0.09 1.62 -0.03 0.09 1.62 -0.21 0.09 1.62 0.21 0.09 1.62 0.21 -0.03 1.08 0.21 -0.03 1.14 0.21 0.03 1.14 0.21 0.03 1.08 0.15 -0.03 1.08 0.15 0.03 1.08 0.15 0.03 1.14 0.15 -0.03 1.14 0.21 -0.09 1.08 0.21 -0.09 1.14 0.15 -0.09 1.08 0.15 -0.09 1.14 0.21 -0.03 1.2 0.21 0.03 1.2 0.15 0.03 1.2 0.15 -0.03 1.2 0.21 -0.09 1.2 0.15 -0.09 1.2 0.21 0.09 1.2 0.21 0.09 1.14 0.15 0.09 1.14 0.15 0.09 1.2 0.21 0.09 1.08 0.15 0.09 1.08 0.21 0.03 1.02 0.21 0.09 1.02 0.15 0.03 1.02 0.15 0.09 1.02 0.21 -0.03 1.02 0.15 -0.03 1.02 0.21 -0.09 1.02 0.15 -0.09 1.02 0.45 -0.03 1.08 0.45 -0.03 1.14 0.45 0.03 1.14 0.45 0.03 1.08 0.15 -0.03 1.08 0.15 0.03 1.08 0.15 0.03 1.14 0.15 -0.03 1.14 0.21 -0.03 1.08 0.21 0.03 1.08 0.27 -0.09 1.14 0.27 -0.09 1.08 0.21 -0.09 1.08 0.21 -0.09 1.14 0.33 -0.09 1.14 0.33 -0.09 1.08 0.39 -0.09 1.14 0.39 -0.09 1.08 0.45 -0.09 1.08 0.45 -0.09 1.14 0.15 -0.09 1.08 0.15 -0.09 1.14 0.21 0.03 1.2 0.27 0.03 1.2 0.27 -0.03 1.2 0.21 -0.03 1.2 0.33 0.03 1.2 0.33 -0.03 1.2 0.39 0.03 1.2 0.39 -0.03 1.2 0.45 -0.03 1.2 0.45 0.03 1.2 0.15 0.03 1.2 0.15 -0.03 1.2 0.27 -0.09 1.2 0.21 -0.09 1.2 0.33 -0.09 1.2 0.39 -0.09 1.2 0.45 -0.09 1.2 0.15 -0.09 1.2 0.21 -0.09 1.02 0.21 -0.03 1.02 0.27 -0.09 1.02 0.27 -0.03 1.02 0.33 -0.09 1.02 0.33 -0.03 1.02 0.45 -0.09 1.02 0.45 -0.03 1.02 0.39 -0.03 1.02 0.39 -0.09 1.02 0.21 0.03 1.02 0.27 0.03 1.02 0.33 0.03 1.02 0.39 0.03 1.02 0.45 0.03 1.02 0.21 0.09 1.2 0.27 0.09 1.2 0.21 0.09 1.14 0.27 0.09 1.14 0.33 0.09 1.2 0.33 0.09 1.14 0.39 0.09 1.2 0.39 0.09 1.14 0.45 0.09 1.2 0.45 0.09 1.14 0.15 0.09 1.14 0.15 0.09 1.2 0.21 0.09 1.08 0.27 0.09 1.08 0.33 0.09 1.08 0.39 0.09 1.08 0.45 0.09 1.08 0.15 0.09 1.08 0.21 0.09 1.02 0.27 0.09 1.02 0.33 0.09 1.02 0.39 0.09 1.02 0.45 0.09 1.02 0.45 -0.03 1.08 0.45 0.03 1.08 0.45 0.03 1.14 0.45 -0.03 1.14 0.6900001 -0.03 1.08 0.6900001 -0.03 1.14 0.6900001 0.03 1.14 0.6900001 0.03 1.08 0.45 -0.03 1.02 0.45 0.03 1.02 0.51 -0.03 1.02 0.51 0.03 1.02 0.5700001 -0.03 1.02 0.5700001 0.03 1.02 0.63 -0.03 1.02 0.63 0.03 1.02 0.6900001 -0.03 1.02 0.6900001 0.03 1.02 0.45 -0.09 1.08 0.45 -0.09 1.14 0.51 -0.09 1.14 0.51 -0.09 1.08 0.5700001 -0.09 1.14 0.5700001 -0.09 1.08 0.63 -0.09 1.14 0.63 -0.09 1.08 0.6900001 -0.09 1.08 0.6900001 -0.09 1.14 0.45 -0.09 1.02 0.51 -0.09 1.02 0.5700001 -0.09 1.02 0.63 -0.09 1.02 0.6900001 -0.09 1.02 0.45 0.03 1.2 0.45 -0.03 1.2 0.51 0.03 1.2 0.51 -0.03 1.2 0.5700001 0.03 1.2 0.5700001 -0.03 1.2 0.63 0.03 1.2 0.63 -0.03 1.2 0.6900001 -0.03 1.2 0.6900001 0.03 1.2 0.45 -0.09 1.2 0.51 -0.09 1.2 0.5700001 -0.09 1.2 0.63 -0.09 1.2 0.6900001 -0.09 1.2 0.45 0.09 1.02 0.45 0.09 1.08 0.51 0.09 1.02 0.51 0.09 1.08 0.5700001 0.09 1.02 0.5700001 0.09 1.08 0.63 0.09 1.02 0.63 0.09 1.08 0.6900001 0.09 1.08 0.6900001 0.09 1.02 0.45 0.09 1.14 0.51 0.09 1.14 0.5700001 0.09 1.14 0.63 0.09 1.14 0.6900001 0.09 1.14 0.45 0.09 1.2 0.51 0.09 1.2 0.5700001 0.09 1.2 0.63 0.09 1.2 0.6900001 0.09 1.2 0.75 -0.03 1.08 0.75 -0.03 1.14 0.75 0.03 1.14 0.75 0.03 1.08 0.6900001 -0.03 1.08 0.6900001 0.03 1.08 0.6900001 0.03 1.14 0.6900001 -0.03 1.14 0.87 -0.03 1.08 0.87 -0.03 1.14 0.87 0.03 1.14 0.87 0.03 1.08 0.8100001 -0.03 1.08 0.8100001 0.03 1.08 0.8100001 0.03 1.14 0.8100001 -0.03 1.14 0.6900001 0.03 1.2 0.6900001 -0.03 1.2 0.75 0.03 1.2 0.75 -0.03 1.2 0.8100001 0.03 1.2 0.8100001 -0.03 1.2 0.87 -0.03 1.2 0.87 0.03 1.2 0.6900001 0.09 1.08 0.6900001 0.09 1.14 0.75 0.09 1.08 0.75 0.09 1.14 0.8100001 0.09 1.08 0.8100001 0.09 1.14 0.87 0.09 1.14 0.87 0.09 1.08 0.8100001 -0.09 1.02 0.8100001 -0.03 1.02 0.75 -0.03 1.02 0.75 -0.09 1.02 0.8100001 -0.09 1.08 0.75 -0.09 1.08 0.6900001 -0.09 1.08 0.6900001 -0.09 1.14 0.75 -0.09 1.14 0.8100001 -0.09 1.14 0.87 -0.09 1.08 0.87 -0.09 1.14 0.8100001 0.03 1.02 0.75 0.03 1.02 0.6900001 -0.03 1.02 0.6900001 0.03 1.02 0.87 -0.03 1.02 0.87 0.03 1.02 0.8100001 0.09 1.02 0.75 0.09 1.02 0.75 0.09 1.2 0.8100001 0.09 1.2 0.8100001 -0.09 1.2 0.75 -0.09 1.2 0.75 -0.06 1.02 0.72 -0.03 1.02 0.72 -0.06 1.02 0.6900001 -0.06 1.02 0.6900001 -0.03 1.05 0.6900001 -0.06 1.05 0.72 -0.06 1.05 0.84 -0.06 1.02 0.84 -0.03 1.02 0.8100001 -0.06 1.02 0.87 -0.06 1.02 0.87 -0.06 1.05 0.87 -0.03 1.05 0.84 -0.06 1.05 0.72 -0.09 1.02 0.72 -0.09 1.05 0.75 -0.09 1.05 0.84 -0.09 1.02 0.84 -0.09 1.05 0.8100001 -0.09 1.05 0.6900001 -0.06 1.08 0.87 -0.06 1.08 0.72 -0.09 1.08 0.6900001 -0.09 1.05 0.84 -0.09 1.08 0.87 -0.09 1.05 0.87 0.06 1.05 0.87 0.06 1.08 0.87 0.09 1.05 0.84 0.09 1.05 0.84 0.06 1.05 0.84 0.09 1.08 0.72 0.09 1.05 0.75 0.09 1.05 0.72 0.09 1.08 0.6900001 0.06 1.05 0.6900001 0.09 1.05 0.6900001 0.06 1.08 0.72 0.06 1.05 0.8100001 0.09 1.05 0.72 0.09 1.14 0.75 0.09 1.17 0.72 0.09 1.17 0.6900001 0.06 1.14 0.6900001 0.09 1.17 0.6900001 0.06 1.17 0.72 0.06 1.17 0.87 0.06 1.14 0.87 0.06 1.17 0.87 0.09 1.17 0.84 0.09 1.17 0.84 0.06 1.17 0.84 0.09 1.14 0.8100001 0.09 1.17 0.6900001 0.03 1.17 0.87 0.03 1.17 0.72 0.09 1.2 0.72 0.06 1.2 0.75 0.06 1.2 0.84 0.06 1.2 0.84 0.09 1.2 0.8100001 0.06 1.2 0.72 0.03 1.2 0.6900001 0.06 1.2 0.87 0.06 1.2 0.84 0.03 1.2 0.6900001 -0.06 1.14 0.6900001 -0.03 1.17 0.6900001 -0.06 1.17 0.87 -0.06 1.14 0.87 -0.06 1.17 0.87 -0.03 1.17 0.75 -0.09 1.17 0.72 -0.09 1.14 0.72 -0.09 1.17 0.6900001 -0.09 1.17 0.72 -0.06 1.17 0.84 -0.09 1.17 0.84 -0.09 1.14 0.8100001 -0.09 1.17 0.87 -0.09 1.17 0.84 -0.06 1.17 0.72 -0.03 1.2 0.75 -0.06 1.2 0.72 -0.06 1.2 0.6900001 -0.06 1.2 0.84 -0.03 1.2 0.84 -0.06 1.2 0.8100001 -0.06 1.2 0.87 -0.06 1.2 0.72 -0.09 1.2 0.84 -0.09 1.2 0.87 0.03 1.05 0.87 0.06 1.02 0.84 0.06 1.02 0.84 0.03 1.02 0.75 0.06 1.02 0.72 0.06 1.02 0.72 0.03 1.02 0.6900001 0.06 1.02 0.6900001 0.03 1.05 0.8100001 0.06 1.02 0.72 0.09 1.02 0.84 0.09 1.02 -0.15 -0.03 1.08 -0.15 -0.03 1.14 -0.15 0.03 1.14 -0.15 0.03 1.08 -0.21 -0.03 1.08 -0.21 0.03 1.08 -0.21 0.03 1.14 -0.21 -0.03 1.14 -0.15 -0.09 1.08 -0.15 -0.09 1.14 -0.21 -0.09 1.08 -0.21 -0.09 1.14 -0.15 -0.03 1.2 -0.15 0.03 1.2 -0.21 0.03 1.2 -0.21 -0.03 1.2 -0.15 -0.09 1.2 -0.21 -0.09 1.2 -0.15 0.09 1.2 -0.15 0.09 1.14 -0.21 0.09 1.14 -0.21 0.09 1.2 -0.15 0.09 1.08 -0.21 0.09 1.08 -0.15 0.03 1.02 -0.15 0.09 1.02 -0.21 0.03 1.02 -0.21 0.09 1.02 -0.15 -0.03 1.02 -0.21 -0.03 1.02 -0.15 -0.09 1.02 -0.21 -0.09 1.02 -0.45 -0.03 1.08 -0.45 0.03 1.08 -0.45 0.03 1.14 -0.45 -0.03 1.14 -0.15 -0.03 1.08 -0.15 -0.03 1.14 -0.15 0.03 1.14 -0.15 0.03 1.08 -0.21 0.03 1.08 -0.21 -0.03 1.08 -0.21 -0.09 1.14 -0.21 -0.09 1.08 -0.27 -0.09 1.08 -0.27 -0.09 1.14 -0.33 -0.09 1.08 -0.33 -0.09 1.14 -0.39 -0.09 1.08 -0.39 -0.09 1.14 -0.45 -0.09 1.08 -0.45 -0.09 1.14 -0.15 -0.09 1.08 -0.15 -0.09 1.14 -0.27 0.03 1.2 -0.21 0.03 1.2 -0.21 -0.03 1.2 -0.27 -0.03 1.2 -0.33 0.03 1.2 -0.33 -0.03 1.2 -0.39 0.03 1.2 -0.39 -0.03 1.2 -0.45 0.03 1.2 -0.45 -0.03 1.2 -0.15 -0.03 1.2 -0.15 0.03 1.2 -0.21 -0.09 1.2 -0.27 -0.09 1.2 -0.33 -0.09 1.2 -0.39 -0.09 1.2 -0.45 -0.09 1.2 -0.15 -0.09 1.2 -0.21 -0.09 1.02 -0.21 -0.03 1.02 -0.27 -0.03 1.02 -0.27 -0.09 1.02 -0.33 -0.03 1.02 -0.33 -0.09 1.02 -0.45 -0.09 1.02 -0.45 -0.03 1.02 -0.39 -0.09 1.02 -0.39 -0.03 1.02 -0.21 0.03 1.02 -0.27 0.03 1.02 -0.33 0.03 1.02 -0.39 0.03 1.02 -0.45 0.03 1.02 -0.27 0.09 1.2 -0.21 0.09 1.2 -0.27 0.09 1.14 -0.21 0.09 1.14 -0.33 0.09 1.2 -0.33 0.09 1.14 -0.39 0.09 1.2 -0.39 0.09 1.14 -0.45 0.09 1.14 -0.45 0.09 1.2 -0.15 0.09 1.2 -0.15 0.09 1.14 -0.27 0.09 1.08 -0.21 0.09 1.08 -0.33 0.09 1.08 -0.39 0.09 1.08 -0.45 0.09 1.08 -0.15 0.09 1.08 -0.21 0.09 1.02 -0.27 0.09 1.02 -0.33 0.09 1.02 -0.39 0.09 1.02 -0.45 0.09 1.02 -0.45 -0.03 1.08 -0.45 -0.03 1.14 -0.45 0.03 1.14 -0.45 0.03 1.08 -0.6900001 -0.03 1.08 -0.6900001 0.03 1.08 -0.6900001 0.03 1.14 -0.6900001 -0.03 1.14 -0.45 -0.03 1.02 -0.45 0.03 1.02 -0.51 0.03 1.02 -0.51 -0.03 1.02 -0.5700001 0.03 1.02 -0.5700001 -0.03 1.02 -0.63 0.03 1.02 -0.63 -0.03 1.02 -0.6900001 -0.03 1.02 -0.6900001 0.03 1.02 -0.45 -0.09 1.08 -0.45 -0.09 1.14 -0.51 -0.09 1.08 -0.51 -0.09 1.14 -0.5700001 -0.09 1.08 -0.5700001 -0.09 1.14 -0.63 -0.09 1.08 -0.63 -0.09 1.14 -0.6900001 -0.09 1.08 -0.6900001 -0.09 1.14 -0.45 -0.09 1.02 -0.51 -0.09 1.02 -0.5700001 -0.09 1.02 -0.63 -0.09 1.02 -0.6900001 -0.09 1.02 -0.45 -0.03 1.2 -0.45 0.03 1.2 -0.51 0.03 1.2 -0.51 -0.03 1.2 -0.5700001 0.03 1.2 -0.5700001 -0.03 1.2 -0.63 0.03 1.2 -0.63 -0.03 1.2 -0.6900001 0.03 1.2 -0.6900001 -0.03 1.2 -0.45 -0.09 1.2 -0.51 -0.09 1.2 -0.5700001 -0.09 1.2 -0.63 -0.09 1.2 -0.6900001 -0.09 1.2 -0.45 0.09 1.08 -0.45 0.09 1.02 -0.51 0.09 1.02 -0.51 0.09 1.08 -0.5700001 0.09 1.02 -0.5700001 0.09 1.08 -0.63 0.09 1.02 -0.63 0.09 1.08 -0.6900001 0.09 1.02 -0.6900001 0.09 1.08 -0.45 0.09 1.14 -0.51 0.09 1.14 -0.5700001 0.09 1.14 -0.63 0.09 1.14 -0.6900001 0.09 1.14 -0.45 0.09 1.2 -0.51 0.09 1.2 -0.5700001 0.09 1.2 -0.63 0.09 1.2 -0.6900001 0.09 1.2 -0.6900001 -0.03 1.08 -0.6900001 -0.03 1.14 -0.6900001 0.03 1.14 -0.6900001 0.03 1.08 -0.75 -0.03 1.08 -0.75 0.03 1.08 -0.75 0.03 1.14 -0.75 -0.03 1.14 -0.8100001 -0.03 1.08 -0.8100001 -0.03 1.14 -0.8100001 0.03 1.14 -0.8100001 0.03 1.08 -0.87 -0.03 1.08 -0.87 0.03 1.08 -0.87 0.03 1.14 -0.87 -0.03 1.14 -0.6900001 -0.03 1.2 -0.6900001 0.03 1.2 -0.75 0.03 1.2 -0.75 -0.03 1.2 -0.8100001 0.03 1.2 -0.8100001 -0.03 1.2 -0.87 0.03 1.2 -0.87 -0.03 1.2 -0.6900001 0.09 1.14 -0.6900001 0.09 1.08 -0.75 0.09 1.08 -0.75 0.09 1.14 -0.8100001 0.09 1.08 -0.8100001 0.09 1.14 -0.87 0.09 1.08 -0.87 0.09 1.14 -0.75 -0.09 1.02 -0.75 -0.03 1.02 -0.8100001 -0.03 1.02 -0.8100001 -0.09 1.02 -0.75 -0.09 1.08 -0.8100001 -0.09 1.08 -0.6900001 -0.09 1.08 -0.6900001 -0.09 1.14 -0.75 -0.09 1.14 -0.8100001 -0.09 1.14 -0.87 -0.09 1.08 -0.87 -0.09 1.14 -0.75 0.03 1.02 -0.8100001 0.03 1.02 -0.6900001 -0.03 1.02 -0.6900001 0.03 1.02 -0.87 -0.03 1.02 -0.87 0.03 1.02 -0.75 0.09 1.02 -0.8100001 0.09 1.02 -0.8100001 0.09 1.2 -0.75 0.09 1.2 -0.75 -0.09 1.2 -0.8100001 -0.09 1.2 -0.6900001 -0.06 1.02 -0.6900001 -0.06 1.05 -0.6900001 -0.03 1.05 -0.72 -0.03 1.02 -0.72 -0.06 1.02 -0.72 -0.06 1.05 -0.75 -0.06 1.02 -0.87 -0.06 1.02 -0.87 -0.03 1.05 -0.87 -0.06 1.05 -0.84 -0.06 1.02 -0.84 -0.03 1.02 -0.84 -0.06 1.05 -0.8100001 -0.06 1.02 -0.84 0.09 1.05 -0.8100001 0.09 1.05 -0.84 0.09 1.08 -0.6900001 0.06 1.05 -0.6900001 0.06 1.08 -0.6900001 0.09 1.05 -0.72 0.09 1.05 -0.72 0.06 1.05 -0.72 0.09 1.08 -0.75 0.09 1.05 -0.87 0.06 1.05 -0.87 0.09 1.05 -0.87 0.06 1.08 -0.84 0.06 1.05 -0.6900001 -0.06 1.08 -0.87 -0.06 1.08 -0.6900001 -0.09 1.05 -0.72 -0.09 1.05 -0.72 -0.09 1.08 -0.75 -0.09 1.05 -0.87 -0.09 1.05 -0.84 -0.09 1.05 -0.84 -0.09 1.08 -0.8100001 -0.09 1.05 -0.72 -0.09 1.02 -0.84 -0.09 1.02 -0.6900001 0.06 1.14 -0.6900001 0.06 1.17 -0.6900001 0.09 1.17 -0.72 0.09 1.17 -0.72 0.06 1.17 -0.72 0.09 1.14 -0.75 0.09 1.17 -0.84 0.09 1.14 -0.8100001 0.09 1.17 -0.84 0.09 1.17 -0.87 0.06 1.14 -0.87 0.09 1.17 -0.87 0.06 1.17 -0.84 0.06 1.17 -0.6900001 0.03 1.17 -0.87 0.03 1.17 -0.84 0.06 1.02 -0.84 0.09 1.02 -0.8100001 0.06 1.02 -0.72 0.06 1.02 -0.72 0.09 1.02 -0.75 0.06 1.02 -0.6900001 0.06 1.2 -0.72 0.06 1.2 -0.72 0.03 1.2 -0.75 0.06 1.2 -0.84 0.06 1.2 -0.8100001 0.06 1.2 -0.84 0.03 1.2 -0.87 0.06 1.2 -0.72 0.09 1.2 -0.84 0.09 1.2 -0.6900001 -0.06 1.14 -0.6900001 -0.06 1.17 -0.6900001 -0.03 1.17 -0.87 -0.06 1.14 -0.87 -0.03 1.17 -0.87 -0.06 1.17 -0.6900001 -0.09 1.17 -0.72 -0.06 1.17 -0.72 -0.09 1.17 -0.72 -0.09 1.14 -0.75 -0.09 1.17 -0.87 -0.09 1.17 -0.84 -0.06 1.17 -0.84 -0.09 1.17 -0.84 -0.09 1.14 -0.8100001 -0.09 1.17 -0.6900001 -0.06 1.2 -0.72 -0.03 1.2 -0.72 -0.06 1.2 -0.75 -0.06 1.2 -0.87 -0.06 1.2 -0.84 -0.03 1.2 -0.84 -0.06 1.2 -0.8100001 -0.06 1.2 -0.84 0.03 1.02 -0.6900001 0.03 1.05 -0.6900001 0.06 1.02 -0.72 0.03 1.02 -0.87 0.06 1.02 -0.87 0.03 1.05 -0.72 -0.09 1.2 -0.84 -0.09 1.2 0.09 0.03 0.42 0.15 0.03 0.42 0.15 -0.03 0.42 0.09 -0.03 0.42 0.03 -0.03 0.36 0.03 0.03 0.36 0.03 0.03 0.42 0.03 -0.03 0.42 0.21 -0.03 0.36 0.21 -0.03 0.42 0.21 0.03 0.42 0.21 0.03 0.36 0.03 -0.03 0.3 0.03 0.03 0.3 0.21 -0.03 0.3 0.21 0.03 0.3 0.03 -0.03 0.24 0.03 0.03 0.24 0.21 -0.03 0.24 0.21 0.03 0.24 0.03 -0.03 0.18 0.03 0.03 0.18 0.21 -0.03 0.18 0.21 0.03 0.18 0.15 -0.03 0.12 0.15 0.03 0.12 0.09 0.03 0.12 0.09 -0.03 0.12 0.21 -0.03 0.12 0.21 0.03 0.12 0.03 -0.03 0.12 0.03 0.03 0.12 0.15 -0.09 0.12 0.09 -0.09 0.12 0.15 -0.09 0.18 0.09 -0.09 0.18 0.21 -0.09 0.12 0.21 -0.09 0.18 0.03 -0.09 0.12 0.03 -0.09 0.18 0.21 0.09 0.18 0.21 0.09 0.12 0.15 0.09 0.12 0.15 0.09 0.18 0.09 0.09 0.12 0.09 0.09 0.18 0.03 0.09 0.12 0.03 0.09 0.18 0.03 0.09 0.24 0.09 0.09 0.24 0.15 0.09 0.24 0.21 0.09 0.24 0.03 0.09 0.3 0.09 0.09 0.3 0.15 0.09 0.3 0.21 0.09 0.3 0.03 0.09 0.36 0.09 0.09 0.36 0.15 0.09 0.36 0.21 0.09 0.36 0.03 0.09 0.42 0.09 0.09 0.42 0.15 0.09 0.42 0.21 0.09 0.42 0.03 -0.09 0.24 0.03 -0.09 0.3 0.09 -0.09 0.3 0.09 -0.09 0.24 0.15 -0.09 0.3 0.15 -0.09 0.24 0.21 -0.09 0.24 0.21 -0.09 0.3 0.03 -0.09 0.36 0.03 -0.09 0.42 0.09 -0.09 0.42 0.09 -0.09 0.36 0.15 -0.09 0.42 0.15 -0.09 0.36 0.21 -0.09 0.36 0.21 -0.09 0.42 0.09 0.03 0.72 0.15 0.03 0.72 0.15 -0.03 0.72 0.09 -0.03 0.72 0.21 -0.03 0.66 0.21 -0.03 0.72 0.21 0.03 0.72 0.21 0.03 0.66 0.03 -0.03 0.66 0.03 0.03 0.66 0.03 0.03 0.72 0.03 -0.03 0.72 0.21 -0.03 0.6 0.21 0.03 0.6 0.03 -0.03 0.6 0.03 0.03 0.6 0.21 -0.03 0.54 0.21 0.03 0.54 0.03 -0.03 0.54 0.03 0.03 0.54 0.21 -0.03 0.48 0.21 0.03 0.48 0.03 -0.03 0.48 0.03 0.03 0.48 0.15 -0.03 0.42 0.15 0.03 0.42 0.09 0.03 0.42 0.09 -0.03 0.42 0.21 -0.03 0.42 0.21 0.03 0.42 0.03 -0.03 0.42 0.03 0.03 0.42 0.15 -0.09 0.42 0.09 -0.09 0.42 0.15 -0.09 0.48 0.09 -0.09 0.48 0.21 -0.09 0.42 0.21 -0.09 0.48 0.03 -0.09 0.42 0.03 -0.09 0.48 0.15 0.09 0.42 0.09 0.09 0.42 0.15 0.09 0.48 0.09 0.09 0.48 0.21 0.09 0.48 0.21 0.09 0.42 0.03 0.09 0.42 0.03 0.09 0.48 0.21 0.09 0.54 0.15 0.09 0.54 0.09 0.09 0.54 0.03 0.09 0.54 0.03 0.09 0.6 0.09 0.09 0.6 0.21 0.09 0.6 0.15 0.09 0.6 0.21 0.09 0.66 0.15 0.09 0.66 0.09 0.09 0.66 0.03 0.09 0.66 0.03 0.09 0.72 0.09 0.09 0.72 0.15 0.09 0.72 0.21 0.09 0.72 0.03 -0.09 0.54 0.09 -0.09 0.54 0.15 -0.09 0.54 0.21 -0.09 0.54 0.03 -0.09 0.6 0.09 -0.09 0.6 0.15 -0.09 0.6 0.21 -0.09 0.6 0.03 -0.09 0.66 0.09 -0.09 0.66 0.15 -0.09 0.66 0.21 -0.09 0.66 0.03 -0.09 0.72 0.09 -0.09 0.72 0.15 -0.09 0.72 0.21 -0.09 0.72 0.09 0.03 0.12 0.15 0.03 0.12 0.15 -0.03 0.12 0.09 -0.03 0.12 0.03 -0.03 0.06 0.03 0.03 0.06 0.03 0.03 0.12 0.03 -0.03 0.12 0.21 -0.03 0.06 0.21 -0.03 0.12 0.21 0.03 0.12 0.21 0.03 0.06 0.15 -0.03 0 0.15 0.03 0 0.09 0.03 0 0.09 -0.03 0 0.21 -0.03 0 0.21 0.03 0 0.03 -0.03 0 0.03 0.03 0 0.15 -0.09 0 0.09 -0.09 0 0.03 -0.09 0 0.03 -0.09 0.06 0.21 -0.09 0 0.21 -0.09 0.06 0.03 -0.09 0.12 0.09 -0.09 0.12 0.09 -0.09 0.06 0.15 -0.09 0.12 0.15 -0.09 0.06 0.21 -0.09 0.12 0.03 -0.15 0 0.03 -0.15 0.06 0.09 -0.15 0 0.09 -0.15 0.06 0.21 -0.15 0 0.21 -0.15 0.06 0.15 -0.15 0 0.15 -0.15 0.06 0.03 0.09 0.06 0.03 0.09 0.12 0.09 0.09 0.12 0.09 0.09 0.06 0.15 0.09 0.12 0.15 0.09 0.06 0.21 0.09 0.12 0.21 0.09 0.06 0.03 0.09 0 0.09 0.09 0 0.15 0.09 0 0.21 0.09 0 -0.15 0.03 0.72 -0.09 0.03 0.72 -0.09 -0.03 0.72 -0.15 -0.03 0.72 -0.21 -0.03 0.66 -0.21 0.03 0.66 -0.21 0.03 0.72 -0.21 -0.03 0.72 -0.03 -0.03 0.66 -0.03 -0.03 0.72 -0.03 0.03 0.72 -0.03 0.03 0.66 -0.21 -0.03 0.6 -0.21 0.03 0.6 -0.03 -0.03 0.6 -0.03 0.03 0.6 -0.21 -0.03 0.54 -0.21 0.03 0.54 -0.03 -0.03 0.54 -0.03 0.03 0.54 -0.21 -0.03 0.48 -0.21 0.03 0.48 -0.03 -0.03 0.48 -0.03 0.03 0.48 -0.09 -0.03 0.42 -0.09 0.03 0.42 -0.15 0.03 0.42 -0.15 -0.03 0.42 -0.21 -0.03 0.42 -0.21 0.03 0.42 -0.03 -0.03 0.42 -0.03 0.03 0.42 -0.09 -0.09 0.42 -0.15 -0.09 0.42 -0.09 -0.09 0.48 -0.15 -0.09 0.48 -0.21 -0.09 0.42 -0.21 -0.09 0.48 -0.03 -0.09 0.42 -0.03 -0.09 0.48 -0.09 0.09 0.42 -0.15 0.09 0.42 -0.09 0.09 0.48 -0.15 0.09 0.48 -0.21 0.09 0.42 -0.21 0.09 0.48 -0.03 0.09 0.48 -0.03 0.09 0.42 -0.21 0.09 0.54 -0.15 0.09 0.54 -0.09 0.09 0.54 -0.03 0.09 0.54 -0.03 0.09 0.6 -0.09 0.09 0.6 -0.21 0.09 0.6 -0.15 0.09 0.6 -0.21 0.09 0.66 -0.15 0.09 0.66 -0.09 0.09 0.66 -0.03 0.09 0.66 -0.03 0.09 0.72 -0.09 0.09 0.72 -0.15 0.09 0.72 -0.21 0.09 0.72 -0.03 -0.09 0.54 -0.09 -0.09 0.54 -0.15 -0.09 0.54 -0.21 -0.09 0.54 -0.03 -0.09 0.6 -0.09 -0.09 0.6 -0.15 -0.09 0.6 -0.21 -0.09 0.6 -0.03 -0.09 0.66 -0.09 -0.09 0.66 -0.15 -0.09 0.66 -0.21 -0.09 0.66 -0.03 -0.09 0.72 -0.09 -0.09 0.72 -0.15 -0.09 0.72 -0.21 -0.09 0.72 -0.15 0.03 0.42 -0.09 0.03 0.42 -0.09 -0.03 0.42 -0.15 -0.03 0.42 -0.03 -0.03 0.36 -0.03 -0.03 0.42 -0.03 0.03 0.42 -0.03 0.03 0.36 -0.21 -0.03 0.36 -0.21 0.03 0.36 -0.21 0.03 0.42 -0.21 -0.03 0.42 -0.03 -0.03 0.3 -0.03 0.03 0.3 -0.21 -0.03 0.3 -0.21 0.03 0.3 -0.03 -0.03 0.24 -0.03 0.03 0.24 -0.21 -0.03 0.24 -0.21 0.03 0.24 -0.03 -0.03 0.18 -0.03 0.03 0.18 -0.21 -0.03 0.18 -0.21 0.03 0.18 -0.09 -0.03 0.12 -0.09 0.03 0.12 -0.15 0.03 0.12 -0.15 -0.03 0.12 -0.21 -0.03 0.12 -0.21 0.03 0.12 -0.03 -0.03 0.12 -0.03 0.03 0.12 -0.09 -0.09 0.12 -0.15 -0.09 0.12 -0.09 -0.09 0.18 -0.15 -0.09 0.18 -0.21 -0.09 0.12 -0.21 -0.09 0.18 -0.03 -0.09 0.12 -0.03 -0.09 0.18 -0.21 0.09 0.12 -0.21 0.09 0.18 -0.15 0.09 0.12 -0.15 0.09 0.18 -0.09 0.09 0.12 -0.09 0.09 0.18 -0.03 0.09 0.18 -0.03 0.09 0.12 -0.03 0.09 0.24 -0.09 0.09 0.24 -0.15 0.09 0.24 -0.21 0.09 0.24 -0.03 0.09 0.3 -0.09 0.09 0.3 -0.15 0.09 0.3 -0.21 0.09 0.3 -0.03 0.09 0.36 -0.09 0.09 0.36 -0.15 0.09 0.36 -0.21 0.09 0.36 -0.03 0.09 0.42 -0.09 0.09 0.42 -0.15 0.09 0.42 -0.21 0.09 0.42 -0.03 -0.09 0.24 -0.03 -0.09 0.3 -0.09 -0.09 0.24 -0.09 -0.09 0.3 -0.15 -0.09 0.24 -0.15 -0.09 0.3 -0.21 -0.09 0.24 -0.21 -0.09 0.3 -0.03 -0.09 0.36 -0.03 -0.09 0.42 -0.09 -0.09 0.42 -0.09 -0.09 0.36 -0.15 -0.09 0.42 -0.15 -0.09 0.36 -0.21 -0.09 0.36 -0.21 -0.09 0.42 -0.15 0.03 0.12 -0.09 0.03 0.12 -0.09 -0.03 0.12 -0.15 -0.03 0.12 -0.03 -0.03 0.06 -0.03 -0.03 0.12 -0.03 0.03 0.12 -0.03 0.03 0.06 -0.21 -0.03 0.06 -0.21 0.03 0.06 -0.21 0.03 0.12 -0.21 -0.03 0.12 -0.09 -0.03 0 -0.09 0.03 0 -0.15 0.03 0 -0.15 -0.03 0 -0.21 -0.03 0 -0.21 0.03 0 -0.03 -0.03 0 -0.03 0.03 0 -0.09 -0.09 0 -0.15 -0.09 0 -0.03 -0.09 0 -0.03 -0.09 0.06 -0.21 -0.09 0 -0.21 -0.09 0.06 -0.03 -0.09 0.12 -0.09 -0.09 0.12 -0.09 -0.09 0.06 -0.15 -0.09 0.12 -0.15 -0.09 0.06 -0.21 -0.09 0.12 -0.03 -0.15 0 -0.03 -0.15 0.06 -0.09 -0.15 0 -0.09 -0.15 0.06 -0.21 -0.15 0 -0.21 -0.15 0.06 -0.15 -0.15 0 -0.15 -0.15 0.06 -0.03 0.09 0.12 -0.03 0.09 0.06 -0.09 0.09 0.12 -0.09 0.09 0.06 -0.15 0.09 0.12 -0.15 0.09 0.06 -0.21 0.09 0.06 -0.21 0.09 0.12 -0.03 0.09 0 -0.09 0.09 0 -0.15 0.09 0 -0.21 0.09 0 0.8100001 -0.03 1.08 0.8100001 -0.03 1.14 0.8100001 0.03 1.14 0.8100001 0.03 1.08 0.75 -0.03 1.08 0.75 0.03 1.08 0.75 0.03 1.14 0.75 -0.03 1.14 -0.75 -0.03 1.08 -0.75 -0.03 1.14 -0.75 0.03 1.14 -0.75 0.03 1.08 -0.8100001 -0.03 1.08 -0.8100001 0.03 1.08 -0.8100001 0.03 1.14 -0.8100001 -0.03 1.14 0.0315 -0.0315 1.48693 0.0315 0.0315 1.48693 -0.0315 0.0315 1.48693 -0.0315 -0.0315 1.48693 0.0945 -0.0315 1.48693 0.0945 0.0315 1.48693 -0.0945 0.0315 1.48693 -0.0945 -0.0315 1.48693 0.1575 -0.0315 1.48693 0.1575 0.0315 1.48693 -0.1575 0.0315 1.48693 -0.1575 -0.0315 1.48693 -0.2205 0.0315 1.48693 -0.2205 -0.0315 1.48693 0.2205 -0.0315 1.48693 0.2205 0.0315 1.48693 0.2835 -0.0315 1.48693 0.2835 -0.0315 1.54993 0.2835 0.0315 1.54993 0.2835 0.0315 1.48693 -0.2835 -0.0315 1.48693 -0.2835 0.0315 1.48693 -0.2835 0.0315 1.54993 -0.2835 -0.0315 1.54993 0.0315 -0.0945 1.48693 -0.0315 -0.0945 1.48693 0.0945 -0.0945 1.48693 -0.0945 -0.0945 1.48693 0.1575 -0.0945 1.48693 -0.1575 -0.0945 1.48693 -0.2205 -0.0945 1.48693 0.2205 -0.0945 1.48693 0.2835 -0.0945 1.48693 0.2835 -0.0945 1.54993 0.2205 -0.0945 1.54993 -0.2835 -0.0945 1.48693 -0.2835 -0.0945 1.54993 -0.2205 -0.0945 1.54993 -0.0315 0.0945 1.48693 -0.0945 0.0945 1.48693 0.0945 0.0945 1.48693 0.0315 0.0945 1.48693 0.1575 0.0945 1.48693 -0.1575 0.0945 1.48693 -0.2205 0.0945 1.48693 0.2205 0.0945 1.48693 0.2835 0.0945 1.54993 0.2835 0.0945 1.48693 0.2205 0.0945 1.54993 -0.2835 0.0945 1.48693 -0.2835 0.0945 1.54993 -0.2205 0.0945 1.54993 0.1575 0.1575 1.48693 0.0945 0.1575 1.48693 0.1575 0.1575 1.54993 0.0945 0.1575 1.54993 -0.0945 0.1575 1.48693 -0.1575 0.1575 1.48693 -0.0945 0.1575 1.54993 -0.1575 0.1575 1.54993 -0.2205 0.1575 1.48693 -0.2205 0.1575 1.54993 0.2205 0.1575 1.54993 0.2205 0.1575 1.48693 0.0315 0.1575 1.48693 -0.0315 0.1575 1.48693 -0.2205 -0.1575 1.48693 -0.2205 -0.1575 1.54993 -0.1575 -0.1575 1.48693 -0.1575 -0.1575 1.54993 0.2205 -0.1575 1.48693 0.2205 -0.1575 1.54993 0.1575 -0.1575 1.48693 0.1575 -0.1575 1.54993 -0.0945 -0.1575 1.48693 0.0945 -0.1575 1.48693 -0.0315 -0.1575 1.48693 0.0315 -0.1575 1.48693 -0.1575 -0.2205 1.48693 -0.1575 -0.2205 1.54993 -0.0945 -0.2205 1.48693 0.1575 -0.2205 1.48693 0.1575 -0.2205 1.54993 0.0945 -0.2205 1.48693 -0.0315 -0.2205 1.48693 0.0315 -0.2205 1.48693 -0.1575 -0.2835 1.48693 -0.1575 -0.2835 1.54993 -0.0945 -0.2835 1.48693 -0.0945 -0.2205 1.54993 -0.0945 -0.2835 1.54993 0.1575 -0.2835 1.48693 0.1575 -0.2835 1.54993 0.0945 -0.2835 1.48693 0.0945 -0.2205 1.54993 0.0945 -0.2835 1.54993 -0.0315 -0.2835 1.48693 -0.0315 -0.2205 1.54993 -0.0315 -0.2835 1.54993 0.0315 -0.2835 1.48693 0.0315 -0.2205 1.54993 0.0315 -0.2835 1.54993 -0.0945 -0.3465 1.48693 -0.0945 -0.3465 1.54993 -0.0315 -0.3465 1.48693 -0.0315 -0.3465 1.54993 0.0945 -0.3465 1.48693 0.0945 -0.3465 1.54993 0.0315 -0.3465 1.48693 0.0315 -0.3465 1.54993 0.2835 0.0315 1.61293 0.2835 0.0945 1.61293 0.2205 0.0945 1.61293 0.2205 0.0315 1.61293 -0.2835 0.0945 1.61293 -0.2835 0.0315 1.61293 -0.2205 0.0945 1.61293 -0.2205 0.0315 1.61293 0.0945 0.2205 1.54993 0.0945 0.2205 1.48693 0.0315 0.2205 1.48693 0.0315 0.2205 1.54993 -0.0945 0.2205 1.48693 -0.0945 0.2205 1.54993 -0.0315 0.2205 1.48693 -0.0315 0.2205 1.54993 -0.0945 0.1575 1.61293 -0.1575 0.1575 1.61293 0.1575 0.1575 1.61293 0.0945 0.1575 1.61293 -0.2205 0.1575 1.61293 -0.1575 0.0945 1.61293 0.2205 0.1575 1.61293 0.1575 0.0945 1.61293 -0.0945 0.2205 1.61293 -0.0315 0.2205 1.61293 -0.0315 0.1575 1.61293 0.0315 0.2205 1.61293 0.0315 0.1575 1.61293 0.0945 0.2205 1.61293 0.2835 -0.0945 1.61293 0.2835 -0.0315 1.61293 0.2205 -0.0315 1.61293 0.2205 -0.0945 1.61293 -0.2835 -0.0315 1.61293 -0.2835 -0.0945 1.61293 -0.2205 -0.0315 1.61293 -0.2205 -0.0945 1.61293 0.2205 -0.1575 1.61293 0.1575 -0.1575 1.61293 -0.2205 -0.1575 1.61293 -0.1575 -0.1575 1.61293 -0.0945 0.1575 1.67593 -0.0315 0.1575 1.67593 -0.0315 0.0945 1.67593 -0.0945 0.0945 1.67593 0.0315 0.1575 1.67593 0.0945 0.1575 1.67593 0.0945 0.0945 1.67593 0.0315 0.0945 1.67593 -0.1575 0.1575 1.67593 -0.1575 0.0945 1.67593 0.1575 0.0945 1.67593 0.1575 0.1575 1.67593 -0.2205 0.0945 1.67593 -0.2205 0.0315 1.67593 -0.1575 0.0315 1.67593 0.2205 0.0315 1.67593 0.2205 0.0945 1.67593 0.1575 0.0315 1.67593 -0.2205 -0.0315 1.67593 -0.1575 -0.0315 1.67593 0.2205 -0.0315 1.67593 0.1575 -0.0315 1.67593 -0.2205 -0.0945 1.67593 -0.1575 -0.0945 1.67593 0.2205 -0.0945 1.67593 0.1575 -0.0945 1.67593 -0.0945 -0.0945 1.67593 -0.0945 -0.1575 1.67593 -0.1575 -0.1575 1.67593 0.0945 -0.0945 1.67593 0.1575 -0.1575 1.67593 0.0945 -0.1575 1.67593 0.2205 -0.1575 1.67593 -0.2205 -0.1575 1.67593 -0.1575 0.0315 1.73893 -0.1575 -0.0315 1.73893 -0.0945 0.0315 1.73893 -0.0945 -0.0315 1.73893 0.1575 -0.0315 1.73893 0.1575 0.0315 1.73893 0.0945 0.0315 1.73893 0.0945 -0.0315 1.73893 -0.0315 0.0315 1.73893 -0.0315 -0.0315 1.73893 0.0315 0.0315 1.73893 0.0315 -0.0315 1.73893 -0.1575 0.0945 1.73893 -0.0945 0.0945 1.73893 0.1575 0.0945 1.73893 0.0945 0.0945 1.73893 -0.0315 0.0945 1.73893 0.0315 0.0945 1.73893 -0.0315 -0.0945 1.73893 -0.0945 -0.0945 1.73893 0.0945 -0.0945 1.73893 0.0315 -0.0945 1.73893 0.1575 -0.0945 1.73893 -0.1575 -0.0945 1.73893 -0.0315 -0.2205 1.61293 -0.0945 -0.2205 1.61293 0.0945 -0.2205 1.61293 0.0315 -0.2205 1.61293 -0.1575 -0.2205 1.61293 0.1575 -0.2205 1.61293 -0.0315 -0.1575 1.67593 -0.0315 -0.2205 1.67593 -0.0945 -0.2205 1.67593 0.0315 -0.1575 1.67593 0.0945 -0.2205 1.67593 0.0315 -0.2205 1.67593 -0.1575 -0.2205 1.67593 0.1575 -0.2205 1.67593 -0.0945 -0.1575 1.73893 -0.0315 -0.1575 1.73893 0.0945 -0.1575 1.73893 0.0315 -0.1575 1.73893 </float_array>
<technique_common>
<accessor source="#Voxel_0-mesh-positions-array" count="1972" stride="3">
<param name="X" type="float"/>
<param name="Y" type="float"/>
<param name="Z" type="float"/>
</accessor>
</technique_common>
</source>
<source id="Voxel_0-mesh-normals">
<float_array id="Voxel_0-mesh-normals-array" count="18">0 0 -1 1 0 0 -1 0 0 0 0 1 0 -1 0 0 1 0 </float_array>
<technique_common>
<accessor source="#Voxel_0-mesh-normals-array" count="6" stride="3">
<param name="X" type="float"/>
<param name="Y" type="float"/>
<param name="Z" type="float"/>
</accessor>
</technique_common>
</source>
<source id="Voxel_0-mesh-colors">
<float_array id="Voxel_0-mesh-colors-array" count="3">0 0 0 </float_array>
<technique_common>
<accessor source="#Voxel_0-mesh-colors-array" count="1" stride="3">
<param name="R" type="float"/>
<param name="G" type="float"/>
<param name="B" type="float"/>
</accessor>
</technique_common>
</source>
<vertices id="Voxel_0-mesh-vertices">
<input semantic="POSITION" source="#Voxel_0-mesh-positions"/>
</vertices>
<polylist material="Material_255-material" count="0">
<input semantic="VERTEX" source="#Voxel_0-mesh-vertices" offset="0"/>
<input semantic="NORMAL" source="#Voxel_0-mesh-normals" offset="1"/>
<input semantic="COLOR" source="#Voxel_0-mesh-colors" offset="2"/>
<p></p>
<vcount></vcount>
</polylist>
<polylist material="Material_000-material" count="880">
<input semantic="VERTEX" source="#Voxel_0-mesh-vertices" offset="0"/>
<input semantic="NORMAL" source="#Voxel_0-mesh-normals" offset="1"/>
<p>294 3 293 3 292 3 295 3 294 3 292 3 370 1 369 1 368 1 371 1 370 1 368 1 374 2 373 2 372 2 375 2 374 2 372 2 373 0 371 0 368 0 372 0 373 0 368 0 369 3 370 3 374 3 375 3 369 3 374 3 370 5 371 5 373 5 374 5 370 5 373 5 372 4 368 4 369 4 375 4 372 4 369 4 393 4 401 4 400 4 392 4 393 4 400 4 402 4 398 4 399 4 403 4 402 4 399 4 406 4 405 4 404 4 407 4 406 4 404 4 405 4 402 4 403 4 404 4 405 4 403 4 401 4 406 4 407 4 400 4 401 4 407 4 424 1 423 1 422 1 425 1 424 1 422 1 426 0 425 0 422 0 427 0 426 0 422 0 427 4 422 4 423 4 428 4 427 4 423 4 429 0 418 0 419 0 430 0 429 0 419 0 430 4 419 4 421 4 431 4 430 4 421 4 417 0 433 0 432 0 416 0 417 0 432 0 416 4 432 4 434 4 420 4 416 4 434 4 435 0 429 0 430 0 436 0 435 0 430 0 436 4 430 4 431 4 437 4 436 4 431 4 433 0 426 0 427 0 432 0 433 0 427 0 432 4 427 4 428 4 434 4 432 4 428 4 440 2 439 2 438 2 441 2 440 2 438 2 439 0 435 0 436 0 438 0 439 0 436 0 438 4 436 4 437 4 441 4 438 4 437 4 461 0 460 0 386 0 462 0 461 0 386 0 465 0 464 0 463 0 381 0 465 0 463 0 470 0 469 0 468 0 471 0 470 0 468 0 472 5 469 5 470 5 473 5 472 5 470 5 476 0 475 0 474 0 477 0 476 0 474 0 478 5 475 5 476 5 479 5 478 5 476 5 469 0 476 0 477 0 468 0 469 0 477 0 479 5 476 5 469 5 472 5 479 5 469 5 464 2 481 2 480 2 463 2 464 2 480 2 481 0 470 0 471 0 480 0 481 0 471 0 473 5 470 5 481 5 464 5 473 5 481 5 461 1 462 1 482 1 483 1 461 1 482 1 475 0 483 0 482 0 474 0 475 0 482 0 461 5 483 5 475 5 478 5 461 5 475 5 471 0 468 0 492 0 493 0 471 0 492 0 477 0 474 0 494 0 495 0 477 0 494 0 468 0 477 0 495 0 492 0 468 0 495 0 480 0 471 0 493 0 496 0 480 0 493 0 474 0 482 0 497 0 494 0 474 0 497 0 386 1 387 1 498 1 499 1 386 1 498 1 482 0 499 0 498 0 497 0 482 0 498 0 386 5 499 5 482 5 462 5 386 5 482 5 381 2 501 2 500 2 380 2 381 2 500 2 501 0 480 0 496 0 500 0 501 0 496 0 463 5 480 5 501 5 381 5 463 5 501 5 389 2 447 2 502 2 388 2 389 2 502 2 502 4 503 4 393 4 388 4 502 4 393 4 397 1 394 1 504 1 444 1 397 1 504 1 505 4 504 4 394 4 398 4 505 4 394 4 507 4 506 4 406 4 401 4 507 4 406 4 509 4 508 4 402 4 405 4 509 4 402 4 506 4 509 4 405 4 406 4 506 4 405 4 447 2 440 2 441 2 502 2 447 2 441 2 441 4 437 4 503 4 502 4 441 4 503 4 431 4 421 4 506 4 507 4 431 4 506 4 420 4 434 4 508 4 509 4 420 4 508 4 444 1 504 1 423 1 424 1 444 1 423 1 428 4 423 4 504 4 505 4 428 4 504 4 421 4 420 4 509 4 506 4 421 4 509 4 493 0 492 0 418 0 429 0 493 0 418 0 495 0 494 0 433 0 417 0 495 0 433 0 492 0 495 0 417 0 418 0 492 0 417 0 496 0 493 0 429 0 435 0 496 0 429 0 494 0 497 0 426 0 433 0 494 0 426 0 387 1 424 1 425 1 498 1 387 1 425 1 497 0 498 0 425 0 426 0 497 0 425 0 380 2 500 2 439 2 440 2 380 2 439 2 500 0 496 0 435 0 439 0 500 0 435 0 744 1 743 1 742 1 745 1 744 1 742 1 749 0 751 0 750 0 748 0 749 0 750 0 751 0 753 0 752 0 750 0 751 0 752 0 745 1 742 1 754 1 755 1 745 1 754 1 753 0 755 0 754 0 752 0 753 0 754 0 759 4 761 4 760 4 758 4 759 4 760 4 761 4 763 4 762 4 760 4 761 4 762 4 743 1 765 1 764 1 742 1 743 1 764 1 763 4 764 4 765 4 762 4 763 4 765 4 748 0 750 0 768 0 767 0 748 0 768 0 767 4 768 4 761 4 759 4 767 4 761 4 750 0 752 0 769 0 768 0 750 0 769 0 768 4 769 4 763 4 761 4 768 4 763 4 742 1 764 1 770 1 754 1 742 1 770 1 752 0 754 0 770 0 769 0 752 0 770 0 769 4 770 4 764 4 763 4 769 4 764 4 776 3 775 3 773 3 774 3 776 3 773 3 778 3 777 3 775 3 776 3 778 3 775 3 780 1 779 1 743 1 744 1 780 1 743 1 779 3 780 3 777 3 778 3 779 3 777 3 783 3 776 3 774 3 782 3 783 3 774 3 758 4 760 4 783 4 782 4 758 4 783 4 784 3 778 3 776 3 783 3 784 3 776 3 760 4 762 4 784 4 783 4 760 4 784 4 779 1 785 1 765 1 743 1 779 1 765 1 785 3 779 3 778 3 784 3 785 3 778 3 762 4 765 4 785 4 784 4 762 4 785 4 788 0 790 0 751 0 749 0 788 0 751 0 791 5 790 5 788 5 789 5 791 5 788 5 790 0 792 0 753 0 751 0 790 0 753 0 793 5 792 5 790 5 791 5 793 5 790 5 794 1 745 1 755 1 795 1 794 1 755 1 792 0 795 0 755 0 753 0 792 0 755 0 794 5 795 5 792 5 793 5 794 5 792 5 798 5 791 5 789 5 797 5 798 5 789 5 799 5 793 5 791 5 798 5 799 5 791 5 800 1 744 1 745 1 794 1 800 1 745 1 800 5 794 5 793 5 799 5 800 5 793 5 775 3 803 3 802 3 773 3 775 3 802 3 803 5 798 5 797 5 802 5 803 5 797 5 777 3 804 3 803 3 775 3 777 3 803 3 804 5 799 5 798 5 803 5 804 5 798 5 805 1 780 1 744 1 800 1 805 1 744 1 780 3 805 3 804 3 777 3 780 3 804 3 805 5 800 5 799 5 804 5 805 5 799 5 808 1 807 1 806 1 809 1 808 1 806 1 812 2 811 2 810 2 813 2 812 2 810 2 816 1 815 1 814 1 817 1 816 1 814 1 820 2 819 2 818 2 821 2 820 2 818 2 822 2 812 2 813 2 823 2 822 2 813 2 825 3 824 3 822 3 823 3 825 3 822 3 808 0 820 0 821 0 807 0 808 0 821 0 827 3 826 3 824 3 825 3 827 3 824 3 829 1 828 1 815 1 816 1 829 1 815 1 828 3 829 3 826 3 827 3 828 3 826 3 831 2 830 2 811 2 812 2 831 2 811 2 833 5 832 5 830 5 831 5 833 5 830 5 835 5 834 5 832 5 833 5 835 5 832 5 809 4 819 4 820 4 808 4 809 4 820 4 836 1 816 1 817 1 837 1 836 1 817 1 836 5 837 5 834 5 835 5 836 5 834 5 840 0 839 0 838 0 841 0 840 0 838 0 841 4 838 4 842 4 843 4 841 4 842 4 813 2 810 2 844 2 845 2 813 2 844 2 844 4 843 4 846 4 845 4 844 4 846 4 821 5 818 5 806 5 807 5 821 5 806 5 843 4 842 4 847 4 846 4 843 4 847 4 815 1 849 1 848 1 814 1 815 1 848 1 842 4 848 4 849 4 847 4 842 4 849 4 851 0 850 0 839 0 840 0 851 0 839 0 818 3 819 3 809 3 806 3 818 3 809 3 811 2 853 2 852 2 810 2 811 2 852 2 853 0 851 0 840 0 852 0 853 0 840 0 817 1 814 1 854 1 855 1 817 1 854 1 850 0 855 0 854 0 839 0 850 0 854 0 857 0 856 0 850 0 851 0 857 0 850 0 834 5 856 5 857 5 832 5 834 5 857 5 826 3 859 3 858 3 824 3 826 3 858 3 859 5 835 5 833 5 858 5 859 5 833 5 860 3 827 3 825 3 861 3 860 3 825 3 846 4 847 4 860 4 861 4 846 4 860 4 863 0 840 0 862 0 864 0 863 0 862 0 866 2 852 2 865 2 867 2 866 2 865 2 852 0 863 0 864 0 865 0 852 0 864 0 865 4 864 4 868 4 867 4 865 4 868 4 839 0 870 0 869 0 871 0 839 0 869 0 874 1 873 1 872 1 854 1 874 1 872 1 870 0 854 0 872 0 869 0 870 0 872 0 869 4 872 4 873 4 875 4 869 4 873 4 868 2 864 2 876 2 877 2 868 2 876 2 864 0 862 0 841 0 876 0 864 0 841 0 876 4 841 4 878 4 877 4 876 4 878 4 875 1 880 1 879 1 869 1 875 1 879 1 871 0 869 0 879 0 838 0 871 0 879 0 838 4 879 4 880 4 881 4 838 4 880 4 810 2 866 2 867 2 882 2 810 2 867 2 814 1 883 1 873 1 874 1 814 1 873 1 877 4 878 4 843 4 884 4 877 4 843 4 882 2 867 2 885 2 844 2 882 2 885 2 867 0 868 0 877 0 885 0 867 0 877 0 885 4 877 4 884 4 844 4 885 4 884 4 881 4 880 4 886 4 842 4 881 4 886 4 883 1 848 1 887 1 873 1 883 1 887 1 875 0 873 0 887 0 880 0 875 0 887 0 880 4 887 4 848 4 886 4 880 4 848 4 837 1 889 1 888 1 890 1 837 1 888 1 891 0 890 0 888 0 892 0 891 0 888 0 837 5 890 5 891 5 893 5 837 5 891 5 832 5 895 5 894 5 896 5 832 5 894 5 830 2 898 2 897 2 899 2 830 2 897 2 898 0 894 0 900 0 897 0 898 0 900 0 896 5 894 5 898 5 830 5 896 5 898 5 893 5 891 5 901 5 834 5 893 5 901 5 903 5 833 5 902 5 904 5 903 5 902 5 906 2 831 2 905 2 907 2 906 2 905 2 908 3 904 3 906 3 907 3 908 3 906 3 904 5 902 5 831 5 906 5 904 5 831 5 911 1 910 1 909 1 836 1 911 1 909 1 910 3 911 3 912 3 913 3 910 3 912 3 911 5 836 5 914 5 912 5 911 5 914 5 912 5 914 5 835 5 915 5 912 5 835 5 907 2 905 2 812 2 916 2 907 2 812 2 910 1 917 1 816 1 909 1 910 1 816 1 918 2 904 2 908 2 919 2 918 2 908 2 920 3 858 3 918 3 919 3 920 3 918 3 858 5 903 5 904 5 918 5 858 5 904 5 922 1 921 1 913 1 912 1 922 1 913 1 921 3 922 3 859 3 923 3 921 3 859 3 922 5 912 5 915 5 859 5 922 5 915 5 824 3 920 3 919 3 924 3 824 3 919 3 925 2 907 2 916 2 822 2 925 2 916 2 924 3 919 3 925 3 822 3 924 3 925 3 919 5 908 5 907 5 925 5 919 5 907 5 926 1 829 1 917 1 910 1 926 1 917 1 829 3 926 3 921 3 927 3 829 3 921 3 926 5 910 5 913 5 921 5 926 5 913 5 927 3 921 3 923 3 826 3 927 3 923 3 929 2 813 2 928 2 930 2 929 2 928 2 933 1 932 1 931 1 815 1 933 1 931 1 935 4 846 4 934 4 936 4 935 4 934 4 930 2 928 2 845 2 937 2 930 2 845 2 936 3 938 3 930 3 937 3 936 3 930 3 845 4 935 4 936 4 937 4 845 4 936 4 847 4 940 4 939 4 941 4 847 4 939 4 932 1 942 1 849 1 931 1 932 1 849 1 942 3 932 3 943 3 939 3 942 3 943 3 940 4 849 4 942 4 939 4 940 4 942 4 945 3 825 3 944 3 946 3 945 3 944 3 823 2 929 2 930 2 947 2 823 2 930 2 946 3 944 3 823 3 947 3 946 3 823 3 930 4 938 4 946 4 947 4 930 4 946 4 949 3 948 3 827 3 950 3 949 3 827 3 828 1 951 1 932 1 933 1 828 1 932 1 951 3 828 3 948 3 949 3 951 3 948 3 943 4 932 4 951 4 949 4 943 4 951 4 946 2 938 2 936 2 952 2 946 2 936 2 861 3 945 3 946 3 952 3 861 3 946 3 936 4 934 4 861 4 952 4 936 4 861 4 949 1 953 1 939 1 943 1 949 1 939 1 953 3 949 3 950 3 860 3 953 3 950 3 941 4 939 4 953 4 860 4 941 4 953 4 888 1 954 1 855 1 955 1 888 1 855 1 956 0 955 0 855 0 957 0 956 0 855 0 888 5 955 5 956 5 892 5 888 5 956 5 959 0 958 0 851 0 960 0 959 0 851 0 897 2 961 2 853 2 962 2 897 2 853 2 961 0 959 0 960 0 853 0 961 0 960 0 900 5 959 5 961 5 897 5 900 5 961 5 963 0 956 0 957 0 850 0 963 0 957 0 894 2 964 2 959 2 900 2 894 2 959 2 964 0 857 0 958 0 959 0 964 0 958 0 895 5 857 5 964 5 894 5 895 5 964 5 891 1 892 1 956 1 965 1 891 1 956 1 856 0 965 0 956 0 963 0 856 0 956 0 891 5 965 5 856 5 901 5 891 5 856 5 889 1 817 1 954 1 888 1 889 1 954 1 899 2 897 2 962 2 811 2 899 2 962 2 1082 2 1081 2 1080 2 1083 2 1082 2 1080 2 1088 0 1086 0 1087 0 1089 0 1088 0 1087 0 1090 0 1088 0 1089 0 1091 0 1090 0 1089 0 1081 2 1093 2 1092 2 1080 2 1081 2 1092 2 1093 0 1090 0 1091 0 1092 0 1093 0 1091 0 1098 4 1096 4 1097 4 1099 4 1098 4 1097 4 1100 4 1098 4 1099 4 1101 4 1100 4 1099 4 1083 2 1080 2 1102 2 1103 2 1083 2 1102 2 1102 4 1100 4 1101 4 1103 4 1102 4 1101 4 1089 0 1087 0 1105 0 1106 0 1089 0 1105 0 1106 4 1105 4 1096 4 1098 4 1106 4 1096 4 1091 0 1089 0 1106 0 1107 0 1091 0 1106 0 1107 4 1106 4 1098 4 1100 4 1107 4 1098 4 1080 2 1092 2 1108 2 1102 2 1080 2 1108 2 1092 0 1091 0 1107 0 1108 0 1092 0 1107 0 1108 4 1107 4 1100 4 1102 4 1108 4 1100 4 1112 3 1111 3 1113 3 1114 3 1112 3 1113 3 1114 3 1113 3 1115 3 1116 3 1114 3 1115 3 1117 2 1082 2 1083 2 1118 2 1117 2 1083 2 1116 3 1115 3 1117 3 1118 3 1116 3 1117 3 1120 3 1112 3 1114 3 1121 3 1120 3 1114 3 1099 4 1097 4 1120 4 1121 4 1099 4 1120 4 1121 3 1114 3 1116 3 1122 3 1121 3 1116 3 1101 4 1099 4 1121 4 1122 4 1101 4 1121 4 1118 2 1083 2 1103 2 1123 2 1118 2 1103 2 1122 3 1116 3 1118 3 1123 3 1122 3 1118 3 1103 4 1101 4 1122 4 1123 4 1103 4 1122 4 1128 0 1126 0 1086 0 1088 0 1128 0 1086 0 1127 5 1126 5 1128 5 1129 5 1127 5 1128 5 1130 0 1128 0 1088 0 1090 0 1130 0 1088 0 1129 5 1128 5 1130 5 1131 5 1129 5 1130 5 1133 2 1132 2 1093 2 1081 2 1133 2 1093 2 1132 0 1130 0 1090 0 1093 0 1132 0 1090 0 1131 5 1130 5 1132 5 1133 5 1131 5 1132 5 1135 5 1127 5 1129 5 1136 5 1135 5 1129 5 1136 5 1129 5 1131 5 1137 5 1136 5 1131 5 1138 2 1133 2 1081 2 1082 2 1138 2 1081 2 1137 5 1131 5 1133 5 1138 5 1137 5 1133 5 1111 3 1140 3 1141 3 1113 3 1111 3 1141 3 1140 5 1135 5 1136 5 1141 5 1140 5 1136 5 1113 3 1141 3 1142 3 1115 3 1113 3 1142 3 1141 5 1136 5 1137 5 1142 5 1141 5 1137 5 1143 2 1138 2 1082 2 1117 2 1143 2 1082 2 1115 3 1142 3 1143 3 1117 3 1115 3 1143 3 1142 5 1137 5 1138 5 1143 5 1142 5 1138 5 1146 1 1145 1 1144 1 1147 1 1146 1 1144 1 1150 2 1149 2 1148 2 1151 2 1150 2 1148 2 1154 1 1153 1 1152 1 1155 1 1154 1 1152 1 1158 2 1157 2 1156 2 1159 2 1158 2 1156 2 1161 1 1160 1 1145 1 1146 1 1161 1 1145 1 1160 3 1161 3 1162 3 1163 3 1160 3 1162 3 1154 0 1150 0 1151 0 1153 0 1154 0 1151 0 1163 3 1162 3 1164 3 1165 3 1163 3 1164 3 1166 2 1158 2 1159 2 1167 2 1166 2 1159 2 1165 3 1164 3 1166 3 1167 3 1165 3 1166 3 1168 1 1146 1 1147 1 1169 1 1168 1 1147 1 1168 5 1169 5 1170 5 1171 5 1168 5 1170 5 1171 5 1170 5 1172 5 1173 5 1171 5 1172 5 1155 4 1149 4 1150 4 1154 4 1155 4 1150 4 1175 2 1174 2 1157 2 1158 2 1175 2 1157 2 1173 5 1172 5 1174 5 1175 5 1173 5 1174 5 1178 0 1177 0 1176 0 1179 0 1178 0 1176 0 1179 4 1176 4 1180 4 1181 4 1179 4 1180 4 1145 1 1183 1 1182 1 1144 1 1145 1 1182 1 1180 4 1182 4 1183 4 1184 4 1180 4 1183 4 1151 5 1148 5 1152 5 1153 5 1151 5 1152 5 1181 4 1180 4 1184 4 1185 4 1181 4 1184 4 1159 2 1156 2 1186 2 1187 2 1159 2 1186 2 1186 4 1181 4 1185 4 1187 4 1186 4 1185 4 1189 0 1188 0 1177 0 1178 0 1189 0 1177 0 1148 3 1149 3 1155 3 1152 3 1148 3 1155 3 1147 1 1144 1 1190 1 1191 1 1147 1 1190 1 1188 0 1191 0 1190 0 1177 0 1188 0 1190 0 1157 2 1193 2 1192 2 1156 2 1157 2 1192 2 1193 0 1189 0 1178 0 1192 0 1193 0 1178 0 1195 0 1194 0 1188 0 1189 0 1195 0 1188 0 1170 5 1194 5 1195 5 1172 5 1170 5 1195 5 1162 3 1197 3 1196 3 1164 3 1162 3 1196 3 1197 5 1171 5 1173 5 1196 5 1197 5 1173 5 1198 3 1163 3 1165 3 1199 3 1198 3 1165 3 1185 4 1184 4 1198 4 1199 4 1185 4 1198 4 1202 1 1201 1 1200 1 1190 1 1202 1 1200 1 1203 0 1190 0 1200 0 1204 0 1203 0 1200 0 1204 4 1200 4 1201 4 1205 4 1204 4 1201 4 1177 0 1203 0 1204 0 1206 0 1177 0 1204 0 1208 2 1192 2 1207 2 1209 2 1208 2 1207 2 1192 0 1211 0 1210 0 1207 0 1192 0 1210 0 1207 4 1210 4 1212 4 1209 4 1207 4 1212 4 1211 0 1178 0 1213 0 1210 0 1211 0 1213 0 1172 5 1215 5 1214 5 1216 5 1172 5 1214 5 1169 1 1218 1 1217 1 1219 1 1169 1 1217 1 1220 0 1219 0 1217 0 1221 0 1220 0 1217 0 1169 5 1219 5 1220 5 1222 5 1169 5 1220 5 1222 5 1220 5 1223 5 1170 5 1222 5 1223 5 1174 2 1225 2 1224 2 1226 2 1174 2 1224 2 1225 0 1214 0 1227 0 1224 0 1225 0 1227 0 1216 5 1214 5 1225 5 1174 5 1216 5 1225 5 1144 1 1228 1 1201 1 1202 1 1144 1 1201 1 1156 2 1208 2 1209 2 1229 2 1156 2 1209 2 1228 1 1182 1 1230 1 1201 1 1228 1 1230 1 1205 0 1201 0 1230 0 1231 0 1205 0 1230 0 1231 4 1230 4 1182 4 1232 4 1231 4 1182 4 1233 4 1231 4 1232 4 1180 4 1233 4 1232 4 1229 2 1209 2 1234 2 1186 2 1229 2 1234 2 1209 0 1212 0 1235 0 1234 0 1209 0 1235 0 1234 4 1235 4 1236 4 1186 4 1234 4 1236 4 1235 4 1237 4 1181 4 1236 4 1235 4 1181 4 1205 1 1231 1 1238 1 1204 1 1205 1 1238 1 1206 0 1204 0 1238 0 1176 0 1206 0 1238 0 1176 4 1238 4 1231 4 1233 4 1176 4 1231 4 1212 2 1210 2 1239 2 1235 2 1212 2 1239 2 1210 0 1213 0 1179 0 1239 0 1210 0 1179 0 1239 4 1179 4 1237 4 1235 4 1239 4 1237 4 1242 1 1241 1 1240 1 1168 1 1242 1 1240 1 1241 3 1242 3 1243 3 1244 3 1241 3 1243 3 1242 5 1168 5 1245 5 1243 5 1242 5 1245 5 1243 5 1245 5 1171 5 1246 5 1243 5 1171 5 1248 5 1173 5 1247 5 1249 5 1248 5 1247 5 1251 2 1175 2 1250 2 1252 2 1251 2 1250 2 1253 3 1249 3 1251 3 1252 3 1253 3 1251 3 1249 5 1247 5 1175 5 1251 5 1249 5 1175 5 1241 1 1254 1 1146 1 1240 1 1241 1 1146 1 1252 2 1250 2 1158 2 1255 2 1252 2 1158 2 1214 2 1257 2 1256 2 1227 2 1214 2 1256 2 1257 0 1195 0 1258 0 1256 0 1257 0 1258 0 1215 5 1195 5 1257 5 1214 5 1215 5 1257 5 1220 1 1221 1 1259 1 1260 1 1220 1 1259 1 1194 0 1260 0 1259 0 1261 0 1194 0 1259 0 1220 5 1260 5 1194 5 1223 5 1220 5 1194 5 1262 1 1161 1 1254 1 1241 1 1262 1 1254 1 1161 3 1262 3 1263 3 1264 3 1161 3 1263 3 1262 5 1241 5 1244 5 1263 5 1262 5 1244 5 1264 3 1263 3 1265 3 1162 3 1264 3 1265 3 1164 3 1267 3 1266 3 1268 3 1164 3 1266 3 1269 2 1252 2 1255 2 1166 2 1269 2 1255 2 1268 3 1266 3 1269 3 1166 3 1268 3 1269 3 1266 5 1253 5 1252 5 1269 5 1266 5 1252 5 1270 1 1263 1 1244 1 1243 1 1270 1 1244 1 1263 3 1270 3 1197 3 1265 3 1263 3 1197 3 1270 5 1243 5 1246 5 1197 5 1270 5 1246 5 1271 2 1249 2 1253 2 1266 2 1271 2 1253 2 1267 3 1196 3 1271 3 1266 3 1267 3 1271 3 1196 5 1248 5 1249 5 1271 5 1196 5 1249 5 1274 1 1273 1 1272 1 1145 1 1274 1 1272 1 1276 2 1159 2 1275 2 1277 2 1276 2 1275 2 1273 1 1278 1 1183 1 1272 1 1273 1 1183 1 1278 3 1273 3 1279 3 1280 3 1278 3 1279 3 1281 4 1183 4 1278 4 1280 4 1281 4 1278 4 1184 4 1281 4 1280 4 1282 4 1184 4 1280 4 1277 2 1275 2 1187 2 1283 2 1277 2 1187 2 1285 3 1284 3 1277 3 1283 3 1285 3 1277 3 1187 4 1286 4 1285 4 1283 4 1187 4 1285 4 1286 4 1185 4 1287 4 1285 4 1286 4 1287 4 1160 1 1288 1 1273 1 1274 1 1160 1 1273 1 1288 3 1160 3 1289 3 1290 3 1288 3 1289 3 1279 4 1273 4 1288 4 1290 4 1279 4 1288 4 1290 3 1289 3 1163 3 1291 3 1290 3 1163 3 1167 2 1276 2 1277 2 1292 2 1167 2 1277 2 1294 3 1293 3 1167 3 1292 3 1294 3 1167 3 1277 4 1284 4 1294 4 1292 4 1277 4 1294 4 1295 3 1165 3 1293 3 1294 3 1295 3 1293 3 1256 0 1258 0 1189 0 1296 0 1256 0 1189 0 1217 1 1297 1 1191 1 1298 1 1217 1 1191 1 1259 0 1298 0 1191 0 1299 0 1259 0 1191 0 1217 5 1298 5 1259 5 1221 5 1217 5 1259 5 1261 0 1259 0 1299 0 1188 0 1261 0 1299 0 1224 2 1300 2 1193 2 1301 2 1224 2 1193 2 1300 0 1256 0 1296 0 1193 0 1300 0 1296 0 1227 5 1256 5 1300 5 1224 5 1227 5 1300 5 1290 1 1302 1 1280 1 1279 1 1290 1 1280 1 1302 3 1290 3 1291 3 1198 3 1302 3 1291 3 1282 4 1280 4 1302 4 1198 4 1282 4 1302 4 1294 2 1284 2 1285 2 1303 2 1294 2 1285 2 1199 3 1295 3 1294 3 1303 3 1199 3 1294 3 1285 4 1287 4 1199 4 1303 4 1285 4 1199 4 1218 1 1147 1 1297 1 1217 1 1218 1 1297 1 1226 2 1224 2 1301 2 1157 2 1226 2 1301 2 1730 1 1729 1 1728 1 1731 1 1730 1 1728 1 1734 2 1733 2 1732 2 1735 2 1734 2 1732 2 1733 0 1731 0 1728 0 1732 0 1733 0 1728 0 1729 3 1730 3 1734 3 1735 3 1729 3 1734 3 1730 5 1731 5 1733 5 1734 5 1730 5 1733 5 1732 4 1728 4 1729 4 1735 4 1732 4 1729 4 1738 1 1737 1 1736 1 1739 1 1738 1 1736 1 1742 2 1741 2 1740 2 1743 2 1742 2 1740 2 1741 0 1739 0 1736 0 1740 0 1741 0 1736 0 1737 3 1738 3 1742 3 1743 3 1737 3 1742 3 1738 5 1739 5 1741 5 1742 5 1738 5 1741 5 1740 4 1736 4 1737 4 1743 4 1740 4 1737 4 </p>
<vcount>3 3 3 3 3 3 3 3 3 3 3 3 3 3 3 3 3 3 3 3 3 3 3 3 3 3 3 3 3 3 3 3 3 3 3 3 3 3 3 3 3 3 3 3 3 3 3 3 3 3 3 3 3 3 3 3 3 3 3 3 3 3 3 3 3 3 3 3 3 3 3 3 3 3 3 3 3 3 3 3 3 3 3 3 3 3 3 3 3 3 3 3 3 3 3 3 3 3 3 3 3 3 3 3 3 3 3 3 3 3 3 3 3 3 3 3 3 3 3 3 3 3 3 3 3 3 3 3 3 3 3 3 3 3 3 3 3 3 3 3 3 3 3 3 3 3 3 3 3 3 3 3 3 3 3 3 3 3 3 3 3 3 3 3 3 3 3 3 3 3 3 3 3 3 3 3 3 3 3 3 3 3 3 3 3 3 3 3 3 3 3 3 3 3 3 3 3 3 3 3 3 3 3 3 3 3 3 3 3 3 3 3 3 3 3 3 3 3 3 3 3 3 3 3 3 3 3 3 3 3 3 3 3 3 3 3 3 3 3 3 3 3 3 3 3 3 3 3 3 3 3 3 3 3 3 3 3 3 3 3 3 3 3 3 3 3 3 3 3 3 3 3 3 3 3 3 3 3 3 3 3 3 3 3 3 3 3 3 3 3 3 3 3 3 3 3 3 3 3 3 3 3 3 3 3 3 3 3 3 3 3 3 3 3 3 3 3 3 3 3 3 3 3 3 3 3 3 3 3 3 3 3 3 3 3 3 3 3 3 3 3 3 3 3 3 3 3 3 3 3 3 3 3 3 3 3 3 3 3 3 3 3 3 3 3 3 3 3 3 3 3 3 3 3 3 3 3 3 3 3 3 3 3 3 3 3 3 3 3 3 3 3 3 3 3 3 3 3 3 3 3 3 3 3 3 3 3 3 3 3 3 3 3 3 3 3 3 3 3 3 3 3 3 3 3 3 3 3 3 3 3 3 3 3 3 3 3 3 3 3 3 3 3 3 3 3 3 3 3 3 3 3 3 3 3 3 3 3 3 3 3 3 3 3 3 3 3 3 3 3 3 3 3 3 3 3 3 3 3 3 3 3 3 3 3 3 3 3 3 3 3 3 3 3 3 3 3 3 3 3 3 3 3 3 3 3 3 3 3 3 3 3 3 3 3 3 3 3 3 3 3 3 3 3 3 3 3 3 3 3 3 3 3 3 3 3 3 3 3 3 3 3 3 3 3 3 3 3 3 3 3 3 3 3 3 3 3 3 3 3 3 3 3 3 3 3 3 3 3 3 3 3 3 3 3 3 3 3 3 3 3 3 3 3 3 3 3 3 3 3 3 3 3 3 3 3 3 3 3 3 3 3 3 3 3 3 3 3 3 3 3 3 3 3 3 3 3 3 3 3 3 3 3 3 3 3 3 3 3 3 3 3 3 3 3 3 3 3 3 3 3 3 3 3 3 3 3 3 3 3 3 3 3 3 3 3 3 3 3 3 3 3 3 3 3 3 3 3 3 3 3 3 3 3 3 3 3 3 3 3 3 3 3 3 3 3 3 3 3 3 3 3 3 3 3 3 3 3 3 3 3 3 3 3 3 3 3 3 3 3 3 3 3 3 3 3 3 3 3 3 3 3 3 3 3 3 3 3 3 3 3 3 3 3 3 3 3 3 3 3 3 3 3 3 3 3 3 3 3 3 3 3 3 3 3 3 3 3 3 3 3 3 3 3 3 3 3 3 3 3 3 3 3 3 3 3 3 3 3 3 3 3 3 3 3 3 3 3 3 3 3 3 3 3 3 3 3 3 3 3 3 3 3 3 3 3 3 3 3 3 3 3 3 3 3 3 3 3 3 3 3 3 3 3 3 3 3 3 3 3 3 3 3 3 3 3 3 3 3 3 3 3 3 3 3 3 3 3 3 3 3 3 3 3 3 3 3 3 3 3 3 3 3 3 3 3 3 3 3 3 3 3 3 3 3 3 3 3 3 3 </vcount>
</polylist>
<polylist material="Material_001-material" count="354">
<input semantic="VERTEX" source="#Voxel_0-mesh-vertices" offset="0"/>
<input semantic="NORMAL" source="#Voxel_0-mesh-normals" offset="1"/>
<p>378 2 377 2 376 2 379 2 378 2 376 2 377 0 381 0 380 0 376 0 377 0 380 0 384 1 383 1 382 1 385 1 384 1 382 1 386 0 385 0 382 0 387 0 386 0 382 0 390 2 389 2 388 2 391 2 390 2 388 2 388 4 393 4 392 4 391 4 388 4 392 4 396 1 395 1 394 1 397 1 396 1 394 1 398 4 394 4 395 4 399 4 398 4 395 4 410 2 409 2 408 2 411 2 410 2 408 2 414 1 413 1 412 1 415 1 414 1 412 1 409 2 378 2 379 2 408 2 409 2 379 2 415 1 412 1 383 1 384 1 415 1 383 1 383 1 443 1 442 1 382 1 383 1 442 1 387 0 382 0 442 0 424 0 387 0 442 0 424 4 442 4 443 4 444 4 424 4 443 4 379 2 376 2 445 2 446 2 379 2 445 2 376 0 380 0 440 0 445 0 376 0 440 0 445 4 440 4 447 4 446 4 445 4 447 4 413 1 449 1 448 1 412 1 413 1 448 1 397 4 448 4 449 4 396 4 397 4 449 4 411 2 408 2 450 2 451 2 411 2 450 2 450 4 389 4 390 4 451 4 450 4 390 4 453 2 452 2 378 2 409 2 453 2 378 2 455 5 454 5 452 5 453 5 455 5 452 5 456 1 415 1 384 1 457 1 456 1 384 1 456 5 457 5 458 5 459 5 456 5 458 5 452 2 466 2 377 2 378 2 452 2 377 2 466 0 465 0 381 0 377 0 466 0 381 0 454 5 465 5 466 5 452 5 454 5 466 5 457 1 384 1 385 1 467 1 457 1 385 1 460 0 467 0 385 0 386 0 460 0 385 0 457 5 467 5 460 5 458 5 457 5 460 5 412 1 448 1 443 1 383 1 412 1 443 1 444 4 443 4 448 4 397 4 444 4 448 4 408 2 379 2 446 2 450 2 408 2 446 2 446 4 447 4 389 4 450 4 446 4 389 4 484 2 411 2 451 2 485 2 484 2 451 2 487 3 486 3 484 3 485 3 487 3 484 3 451 4 390 4 487 4 485 4 451 4 487 4 489 1 488 1 449 1 413 1 489 1 449 1 488 3 489 3 490 3 491 3 488 3 490 3 396 4 449 4 488 4 491 4 396 4 488 4 510 2 410 2 411 2 484 2 510 2 411 2 486 3 511 3 510 3 484 3 486 3 510 3 512 1 489 1 413 1 414 1 512 1 413 1 489 3 512 3 513 3 490 3 489 3 513 3 515 2 514 2 410 2 510 2 515 2 410 2 511 3 516 3 515 3 510 3 511 3 515 3 516 5 517 5 514 5 515 5 516 5 514 5 518 1 512 1 414 1 519 1 518 1 414 1 512 3 518 3 520 3 513 3 512 3 520 3 518 5 519 5 521 5 520 5 518 5 521 5 514 2 453 2 409 2 410 2 514 2 409 2 517 5 455 5 453 5 514 5 517 5 453 5 519 1 414 1 415 1 456 1 519 1 415 1 519 5 456 5 459 5 521 5 519 5 459 5 487 2 390 2 391 2 522 2 487 2 391 2 391 4 392 4 523 4 522 4 391 4 523 4 491 1 524 1 395 1 396 1 491 1 395 1 399 4 395 4 524 4 525 4 399 4 524 4 528 3 527 3 526 3 529 3 528 3 526 3 527 5 531 5 530 5 526 5 527 5 530 5 534 3 533 3 532 3 535 3 534 3 532 3 533 5 537 5 536 5 532 5 533 5 536 5 529 3 526 3 538 3 539 3 529 3 538 3 526 5 530 5 540 5 538 5 526 5 540 5 542 3 541 3 533 3 534 3 542 3 533 3 541 5 543 5 537 5 533 5 541 5 537 5 539 3 538 3 541 3 542 3 539 3 541 3 538 5 540 5 543 5 541 5 538 5 543 5 544 1 520 1 521 1 545 1 544 1 521 1 520 3 544 3 527 3 528 3 520 3 527 3 544 5 545 5 531 5 527 5 544 5 531 5 547 2 546 2 517 2 516 2 547 2 517 2 535 3 532 3 547 3 516 3 535 3 547 3 532 5 536 5 546 5 547 5 532 5 546 5 531 5 549 5 548 5 530 5 531 5 548 5 537 5 551 5 550 5 536 5 537 5 550 5 530 5 548 5 552 5 540 5 530 5 552 5 543 5 553 5 551 5 537 5 543 5 551 5 540 5 552 5 553 5 543 5 540 5 553 5 546 2 554 2 455 2 517 2 546 2 455 2 536 5 550 5 554 5 546 5 536 5 554 5 545 1 521 1 459 1 555 1 545 1 459 1 545 5 555 5 549 5 531 5 545 5 549 5 549 5 557 5 556 5 548 5 549 5 556 5 551 5 559 5 558 5 550 5 551 5 558 5 548 5 556 5 560 5 552 5 548 5 560 5 553 5 561 5 559 5 551 5 553 5 559 5 552 5 560 5 561 5 553 5 552 5 561 5 554 2 562 2 454 2 455 2 554 2 454 2 550 5 558 5 562 5 554 5 550 5 562 5 555 1 459 1 458 1 563 1 555 1 458 1 555 5 563 5 557 5 549 5 555 5 557 5 565 0 564 0 461 0 478 0 565 0 461 0 557 5 564 5 565 5 556 5 557 5 565 5 567 0 566 0 473 0 464 0 567 0 473 0 559 5 566 5 567 5 558 5 559 5 567 5 568 0 565 0 478 0 479 0 568 0 478 0 556 5 565 5 568 5 560 5 556 5 568 5 566 0 569 0 472 0 473 0 566 0 472 0 561 5 569 5 566 5 559 5 561 5 566 5 569 0 568 0 479 0 472 0 569 0 479 0 560 5 568 5 569 5 561 5 560 5 569 5 562 2 570 2 465 2 454 2 562 2 465 2 570 0 567 0 464 0 465 0 570 0 464 0 558 5 567 5 570 5 562 5 558 5 570 5 563 1 458 1 460 1 571 1 563 1 460 1 564 0 571 0 460 0 461 0 564 0 460 0 563 5 571 5 564 5 557 5 563 5 564 5 574 3 573 3 572 3 575 3 574 3 572 3 578 3 577 3 576 3 579 3 578 3 576 3 581 3 580 3 577 3 578 3 581 3 577 3 575 3 572 3 582 3 583 3 575 3 582 3 583 3 582 3 580 3 581 3 583 3 580 3 584 2 486 2 487 2 585 2 584 2 487 2 579 3 576 3 584 3 585 3 579 3 584 3 587 1 586 1 491 1 490 1 587 1 491 1 586 3 587 3 573 3 574 3 586 3 573 3 588 3 578 3 579 3 589 3 588 3 579 3 523 4 590 4 588 4 589 4 523 4 588 4 591 3 574 3 575 3 592 3 591 3 575 3 593 4 525 4 591 4 592 4 593 4 591 4 594 3 581 3 578 3 588 3 594 3 578 3 590 4 595 4 594 4 588 4 590 4 594 4 592 3 575 3 583 3 596 3 592 3 583 3 597 4 593 4 592 4 596 4 597 4 592 4 596 3 583 3 581 3 594 3 596 3 581 3 595 4 597 4 596 4 594 4 595 4 596 4 585 2 487 2 522 2 598 2 585 2 522 2 589 3 579 3 585 3 598 3 589 3 585 3 522 4 523 4 589 4 598 4 522 4 589 4 586 1 599 1 524 1 491 1 586 1 524 1 599 3 586 3 574 3 591 3 599 3 574 3 525 4 524 4 599 4 591 4 525 4 599 4 407 0 404 0 600 0 601 0 407 0 600 0 602 3 597 3 595 3 603 3 602 3 595 3 601 4 600 4 602 4 603 4 601 4 602 4 404 0 403 0 604 0 600 0 404 0 604 0 605 3 593 3 597 3 602 3 605 3 597 3 600 4 604 4 605 4 602 4 600 4 605 4 400 0 407 0 601 0 606 0 400 0 601 0 603 3 595 3 590 3 607 3 603 3 590 3 606 4 601 4 603 4 607 4 606 4 603 4 523 2 392 2 608 2 609 2 523 2 608 2 392 0 400 0 606 0 608 0 392 0 606 0 607 3 590 3 523 3 609 3 607 3 523 3 608 4 606 4 607 4 609 4 608 4 607 4 525 1 611 1 610 1 399 1 525 1 610 1 403 0 399 0 610 0 604 0 403 0 610 0 611 3 525 3 593 3 605 3 611 3 593 3 604 4 610 4 611 4 605 4 604 4 611 4 573 3 613 3 612 3 572 3 573 3 612 3 577 3 615 3 614 3 576 3 577 3 614 3 572 3 612 3 616 3 582 3 572 3 616 3 580 3 617 3 615 3 577 3 580 3 615 3 582 3 616 3 617 3 580 3 582 3 617 3 618 2 511 2 486 2 584 2 618 2 486 2 576 3 614 3 618 3 584 3 576 3 618 3 619 1 587 1 490 1 513 1 619 1 490 1 587 3 619 3 613 3 573 3 587 3 613 3 613 3 621 3 620 3 612 3 613 3 620 3 621 5 528 5 529 5 620 5 621 5 529 5 615 3 623 3 622 3 614 3 615 3 622 3 623 5 534 5 535 5 622 5 623 5 535 5 612 3 620 3 624 3 616 3 612 3 624 3 620 5 529 5 539 5 624 5 620 5 539 5 617 3 625 3 623 3 615 3 617 3 623 3 625 5 542 5 534 5 623 5 625 5 534 5 616 3 624 3 625 3 617 3 616 3 625 3 624 5 539 5 542 5 625 5 624 5 542 5 626 2 516 2 511 2 618 2 626 2 511 2 614 3 622 3 626 3 618 3 614 3 626 3 622 5 535 5 516 5 626 5 622 5 516 5 627 1 619 1 513 1 520 1 627 1 513 1 619 3 627 3 621 3 613 3 619 3 621 3 627 5 520 5 528 5 621 5 627 5 528 5 </p>
<vcount>3 3 3 3 3 3 3 3 3 3 3 3 3 3 3 3 3 3 3 3 3 3 3 3 3 3 3 3 3 3 3 3 3 3 3 3 3 3 3 3 3 3 3 3 3 3 3 3 3 3 3 3 3 3 3 3 3 3 3 3 3 3 3 3 3 3 3 3 3 3 3 3 3 3 3 3 3 3 3 3 3 3 3 3 3 3 3 3 3 3 3 3 3 3 3 3 3 3 3 3 3 3 3 3 3 3 3 3 3 3 3 3 3 3 3 3 3 3 3 3 3 3 3 3 3 3 3 3 3 3 3 3 3 3 3 3 3 3 3 3 3 3 3 3 3 3 3 3 3 3 3 3 3 3 3 3 3 3 3 3 3 3 3 3 3 3 3 3 3 3 3 3 3 3 3 3 3 3 3 3 3 3 3 3 3 3 3 3 3 3 3 3 3 3 3 3 3 3 3 3 3 3 3 3 3 3 3 3 3 3 3 3 3 3 3 3 3 3 3 3 3 3 3 3 3 3 3 3 3 3 3 3 3 3 3 3 3 3 3 3 3 3 3 3 3 3 3 3 3 3 3 3 3 3 3 3 3 3 3 3 3 3 3 3 3 3 3 3 3 3 3 3 3 3 3 3 3 3 3 3 3 3 3 3 3 3 3 3 3 3 3 3 3 3 3 3 3 3 3 3 3 3 3 3 3 3 3 3 3 3 3 3 3 3 3 3 3 3 3 3 3 3 3 3 3 3 3 3 3 3 3 3 3 3 3 3 3 3 3 3 3 3 3 3 3 3 3 3 3 3 3 3 3 3 </vcount>
</polylist>
<polylist material="Material_002-material" count="426">
<input semantic="VERTEX" source="#Voxel_0-mesh-vertices" offset="0"/>
<input semantic="NORMAL" source="#Voxel_0-mesh-normals" offset="1"/>
<p>18 3 17 3 16 3 19 3 18 3 16 3 21 1 20 1 7 1 8 1 21 1 7 1 20 3 21 3 22 3 23 3 20 3 22 3 24 2 14 2 15 2 25 2 24 2 15 2 27 3 26 3 24 3 25 3 27 3 24 3 23 3 22 3 17 3 18 3 23 3 17 3 19 3 16 3 26 3 27 3 19 3 26 3 68 1 21 1 8 1 40 1 68 1 8 1 21 3 68 3 69 3 22 3 21 3 69 3 70 2 43 2 14 2 24 2 70 2 14 2 26 3 71 3 70 3 24 3 26 3 70 3 22 3 69 3 72 3 17 3 22 3 72 3 16 3 73 3 71 3 26 3 16 3 71 3 17 3 72 3 73 3 16 3 17 3 73 3 74 1 68 1 40 1 60 1 74 1 40 1 68 3 74 3 75 3 69 3 68 3 75 3 74 5 60 5 63 5 75 5 74 5 63 5 76 2 57 2 43 2 70 2 76 2 43 2 71 3 77 3 76 3 70 3 71 3 76 3 77 5 59 5 57 5 76 5 77 5 57 5 69 3 75 3 78 3 72 3 69 3 78 3 75 5 63 5 67 5 78 5 75 5 67 5 73 3 79 3 77 3 71 3 73 3 77 3 79 5 65 5 59 5 77 5 79 5 59 5 72 3 78 3 79 3 73 3 72 3 79 3 78 5 67 5 65 5 79 5 78 5 65 5 20 1 80 1 34 1 7 1 20 1 34 1 80 3 20 3 23 3 81 3 80 3 23 3 25 2 15 2 31 2 82 2 25 2 31 2 83 3 27 3 25 3 82 3 83 3 25 3 81 3 23 3 18 3 84 3 81 3 18 3 85 3 19 3 27 3 83 3 85 3 27 3 84 3 18 3 19 3 85 3 84 3 19 3 80 1 86 1 49 1 34 1 80 1 49 1 86 3 80 3 81 3 87 3 86 3 81 3 51 4 49 4 86 4 87 4 51 4 86 4 82 2 31 2 45 2 88 2 82 2 45 2 89 3 83 3 82 3 88 3 89 3 82 3 45 4 47 4 89 4 88 4 45 4 89 4 90 3 84 3 85 3 91 3 90 3 85 3 53 4 55 4 90 4 91 4 53 4 90 4 87 3 81 3 84 3 90 3 87 3 84 3 55 4 51 4 87 4 90 4 55 4 87 4 91 3 85 3 83 3 89 3 91 3 83 3 47 4 53 4 91 4 89 4 47 4 91 4 418 0 417 0 416 0 419 0 418 0 416 0 419 4 416 4 420 4 421 4 419 4 420 4 503 4 507 4 401 4 393 4 503 4 401 4 508 4 505 4 398 4 402 4 508 4 398 4 437 4 431 4 507 4 503 4 437 4 507 4 434 4 428 4 505 4 508 4 434 4 505 4 1321 2 1325 2 1324 2 1320 2 1321 2 1324 2 1323 1 1322 1 1326 1 1327 1 1323 1 1326 1 1330 0 1329 0 1328 0 1331 0 1330 0 1328 0 1327 1 1326 1 1332 1 1333 1 1327 1 1332 1 1329 0 1333 0 1332 0 1328 0 1329 0 1332 0 1325 2 1335 2 1334 2 1324 2 1325 2 1334 2 1335 0 1330 0 1331 0 1334 0 1335 0 1331 0 1331 0 1328 0 1336 0 1337 0 1331 0 1336 0 1337 4 1336 4 1338 4 1339 4 1337 4 1338 4 1326 1 1341 1 1340 1 1332 1 1326 1 1340 1 1328 0 1332 0 1340 0 1336 0 1328 0 1340 0 1336 4 1340 4 1341 4 1338 4 1336 4 1341 4 1324 2 1334 2 1342 2 1343 2 1324 2 1342 2 1334 0 1331 0 1337 0 1342 0 1334 0 1337 0 1342 4 1337 4 1339 4 1343 4 1342 4 1339 4 1344 1 1327 1 1333 1 1345 1 1344 1 1333 1 1346 0 1345 0 1333 0 1329 0 1346 0 1333 0 1344 5 1345 5 1346 5 1347 5 1344 5 1346 5 1351 2 1350 2 1335 2 1325 2 1351 2 1335 2 1350 0 1348 0 1330 0 1335 0 1350 0 1330 0 1349 5 1348 5 1350 5 1351 5 1349 5 1350 5 1352 2 1351 2 1325 2 1321 2 1352 2 1325 2 1353 5 1349 5 1351 5 1352 5 1353 5 1351 5 1354 5 1347 5 1349 5 1353 5 1354 5 1349 5 1355 1 1323 1 1327 1 1344 1 1355 1 1327 1 1355 5 1344 5 1347 5 1354 5 1355 5 1347 5 1320 2 1324 2 1343 2 1368 2 1320 2 1343 2 1343 4 1339 4 1371 4 1368 4 1343 4 1371 4 1339 4 1338 4 1373 4 1371 4 1339 4 1373 4 1322 1 1374 1 1341 1 1326 1 1322 1 1341 1 1338 4 1341 4 1374 4 1373 4 1338 4 1374 4 1466 3 1465 3 1464 3 1467 3 1466 3 1464 3 1470 2 1469 2 1468 2 1471 2 1470 2 1468 2 1467 3 1464 3 1470 3 1471 3 1467 3 1470 3 1474 1 1473 1 1472 1 1475 1 1474 1 1472 1 1473 3 1474 3 1465 3 1466 3 1473 3 1465 3 1478 0 1477 0 1476 0 1479 0 1478 0 1476 0 1475 1 1472 1 1480 1 1481 1 1475 1 1480 1 1477 0 1481 0 1480 0 1476 0 1477 0 1480 0 1469 2 1483 2 1482 2 1468 2 1469 2 1482 2 1483 0 1478 0 1479 0 1482 0 1483 0 1479 0 1479 0 1476 0 1484 0 1485 0 1479 0 1484 0 1468 2 1482 2 1486 2 1487 2 1468 2 1486 2 1482 0 1479 0 1485 0 1486 0 1482 0 1485 0 1472 1 1489 1 1488 1 1480 1 1472 1 1488 1 1476 0 1480 0 1488 0 1484 0 1476 0 1488 0 1471 2 1468 2 1487 2 1490 2 1471 2 1487 2 1491 3 1467 3 1471 3 1490 3 1491 3 1471 3 1487 4 1492 4 1491 4 1490 4 1487 4 1491 4 1493 3 1466 3 1467 3 1491 3 1493 3 1467 3 1492 4 1494 4 1493 4 1491 4 1492 4 1493 4 1473 1 1495 1 1489 1 1472 1 1473 1 1489 1 1495 3 1473 3 1466 3 1493 3 1495 3 1466 3 1494 4 1489 4 1495 4 1493 4 1494 4 1495 4 1487 2 1486 2 1496 2 1497 2 1487 2 1496 2 1486 0 1485 0 1498 0 1496 0 1486 0 1498 0 1499 3 1492 3 1487 3 1497 3 1499 3 1487 3 1496 4 1498 4 1499 4 1497 4 1496 4 1499 4 1489 1 1501 1 1500 1 1488 1 1489 1 1500 1 1484 0 1488 0 1500 0 1502 0 1484 0 1500 0 1501 3 1489 3 1494 3 1503 3 1501 3 1494 3 1502 4 1500 4 1501 4 1503 4 1502 4 1501 4 1485 0 1484 0 1502 0 1498 0 1485 0 1502 0 1503 3 1494 3 1492 3 1499 3 1503 3 1492 3 1498 4 1502 4 1503 4 1499 4 1498 4 1503 4 1505 2 1504 2 1469 2 1470 2 1505 2 1469 2 1464 3 1506 3 1505 3 1470 3 1464 3 1505 3 1506 5 1507 5 1504 5 1505 5 1506 5 1504 5 1465 3 1508 3 1506 3 1464 3 1465 3 1506 3 1508 5 1509 5 1507 5 1506 5 1508 5 1507 5 1510 1 1474 1 1475 1 1511 1 1510 1 1475 1 1474 3 1510 3 1508 3 1465 3 1474 3 1508 3 1510 5 1511 5 1509 5 1508 5 1510 5 1509 5 1504 2 1512 2 1483 2 1469 2 1504 2 1483 2 1512 0 1513 0 1478 0 1483 0 1512 0 1478 0 1507 5 1513 5 1512 5 1504 5 1507 5 1512 5 1513 0 1514 0 1477 0 1478 0 1513 0 1477 0 1509 5 1514 5 1513 5 1507 5 1509 5 1513 5 1511 1 1475 1 1481 1 1515 1 1511 1 1481 1 1514 0 1515 0 1481 0 1477 0 1514 0 1481 0 1511 5 1515 5 1514 5 1509 5 1511 5 1514 5 1613 1 1612 1 1616 1 1617 1 1613 1 1616 1 1615 2 1619 2 1618 2 1614 2 1615 2 1618 2 1622 0 1621 0 1620 0 1623 0 1622 0 1620 0 1619 2 1625 2 1624 2 1618 2 1619 2 1624 2 1625 0 1622 0 1623 0 1624 0 1625 0 1623 0 1617 1 1616 1 1626 1 1627 1 1617 1 1626 1 1621 0 1627 0 1626 0 1620 0 1621 0 1626 0 1623 0 1620 0 1628 0 1629 0 1623 0 1628 0 1629 4 1628 4 1630 4 1631 4 1629 4 1630 4 1618 2 1624 2 1632 2 1633 2 1618 2 1632 2 1624 0 1623 0 1629 0 1632 0 1624 0 1629 0 1632 4 1629 4 1631 4 1633 4 1632 4 1631 4 1616 1 1635 1 1634 1 1626 1 1616 1 1634 1 1620 0 1626 0 1634 0 1628 0 1620 0 1634 0 1628 4 1634 4 1635 4 1630 4 1628 4 1635 4 1637 2 1636 2 1625 2 1619 2 1637 2 1625 2 1636 0 1638 0 1622 0 1625 0 1636 0 1622 0 1639 5 1638 5 1636 5 1637 5 1639 5 1636 5 1642 1 1617 1 1627 1 1643 1 1642 1 1627 1 1640 0 1643 0 1627 0 1621 0 1640 0 1627 0 1642 5 1643 5 1640 5 1641 5 1642 5 1640 5 1644 1 1613 1 1617 1 1642 1 1644 1 1617 1 1644 5 1642 5 1641 5 1645 5 1644 5 1641 5 1645 5 1641 5 1639 5 1646 5 1645 5 1639 5 1647 2 1637 2 1619 2 1615 2 1647 2 1619 2 1646 5 1639 5 1637 5 1647 5 1646 5 1637 5 1612 1 1660 1 1635 1 1616 1 1612 1 1635 1 1630 4 1635 4 1660 4 1662 4 1630 4 1660 4 1631 4 1630 4 1662 4 1664 4 1631 4 1662 4 1614 2 1618 2 1633 2 1666 2 1614 2 1633 2 1633 4 1631 4 1664 4 1666 4 1633 4 1664 4 1678 3 1677 3 1676 3 1679 3 1678 3 1676 3 1682 1 1681 1 1680 1 1683 1 1682 1 1680 1 1681 3 1682 3 1677 3 1678 3 1681 3 1677 3 1686 2 1685 2 1684 2 1687 2 1686 2 1684 2 1679 3 1676 3 1686 3 1687 3 1679 3 1686 3 1690 0 1689 0 1688 0 1691 0 1690 0 1688 0 1685 2 1693 2 1692 2 1684 2 1685 2 1692 2 1693 0 1690 0 1691 0 1692 0 1693 0 1691 0 1683 1 1680 1 1694 1 1695 1 1683 1 1694 1 1689 0 1695 0 1694 0 1688 0 1689 0 1694 0 1691 0 1688 0 1696 0 1697 0 1691 0 1696 0 1680 1 1699 1 1698 1 1694 1 1680 1 1698 1 1688 0 1694 0 1698 0 1696 0 1688 0 1698 0 1684 2 1692 2 1700 2 1701 2 1684 2 1700 2 1692 0 1691 0 1697 0 1700 0 1692 0 1697 0 1681 1 1702 1 1699 1 1680 1 1681 1 1699 1 1702 3 1681 3 1678 3 1703 3 1702 3 1678 3 1704 4 1699 4 1702 4 1703 4 1704 4 1702 4 1703 3 1678 3 1679 3 1705 3 1703 3 1679 3 1706 4 1704 4 1703 4 1705 4 1706 4 1703 4 1687 2 1684 2 1701 2 1707 2 1687 2 1701 2 1705 3 1679 3 1687 3 1707 3 1705 3 1687 3 1701 4 1706 4 1705 4 1707 4 1701 4 1705 4 1699 1 1709 1 1708 1 1698 1 1699 1 1708 1 1696 0 1698 0 1708 0 1710 0 1696 0 1708 0 1709 3 1699 3 1704 3 1711 3 1709 3 1704 3 1710 4 1708 4 1709 4 1711 4 1710 4 1709 4 1701 2 1700 2 1712 2 1713 2 1701 2 1712 2 1700 0 1697 0 1714 0 1712 0 1700 0 1714 0 1715 3 1706 3 1701 3 1713 3 1715 3 1701 3 1712 4 1714 4 1715 4 1713 4 1712 4 1715 4 1697 0 1696 0 1710 0 1714 0 1697 0 1710 0 1711 3 1704 3 1706 3 1715 3 1711 3 1706 3 1714 4 1710 4 1711 4 1715 4 1714 4 1711 4 1716 1 1682 1 1683 1 1717 1 1716 1 1683 1 1682 3 1716 3 1718 3 1677 3 1682 3 1718 3 1716 5 1717 5 1719 5 1718 5 1716 5 1719 5 1677 3 1718 3 1720 3 1676 3 1677 3 1720 3 1718 5 1719 5 1721 5 1720 5 1718 5 1721 5 1723 2 1722 2 1685 2 1686 2 1723 2 1685 2 1676 3 1720 3 1723 3 1686 3 1676 3 1723 3 1720 5 1721 5 1722 5 1723 5 1720 5 1722 5 1717 1 1683 1 1695 1 1724 1 1717 1 1695 1 1725 0 1724 0 1695 0 1689 0 1725 0 1695 0 1717 5 1724 5 1725 5 1719 5 1717 5 1725 5 1726 0 1725 0 1689 0 1690 0 1726 0 1689 0 1719 5 1725 5 1726 5 1721 5 1719 5 1726 5 1722 2 1727 2 1693 2 1685 2 1722 2 1693 2 1727 0 1726 0 1690 0 1693 0 1727 0 1690 0 1721 5 1726 5 1727 5 1722 5 1721 5 1727 5 </p>
<vcount>3 3 3 3 3 3 3 3 3 3 3 3 3 3 3 3 3 3 3 3 3 3 3 3 3 3 3 3 3 3 3 3 3 3 3 3 3 3 3 3 3 3 3 3 3 3 3 3 3 3 3 3 3 3 3 3 3 3 3 3 3 3 3 3 3 3 3 3 3 3 3 3 3 3 3 3 3 3 3 3 3 3 3 3 3 3 3 3 3 3 3 3 3 3 3 3 3 3 3 3 3 3 3 3 3 3 3 3 3 3 3 3 3 3 3 3 3 3 3 3 3 3 3 3 3 3 3 3 3 3 3 3 3 3 3 3 3 3 3 3 3 3 3 3 3 3 3 3 3 3 3 3 3 3 3 3 3 3 3 3 3 3 3 3 3 3 3 3 3 3 3 3 3 3 3 3 3 3 3 3 3 3 3 3 3 3 3 3 3 3 3 3 3 3 3 3 3 3 3 3 3 3 3 3 3 3 3 3 3 3 3 3 3 3 3 3 3 3 3 3 3 3 3 3 3 3 3 3 3 3 3 3 3 3 3 3 3 3 3 3 3 3 3 3 3 3 3 3 3 3 3 3 3 3 3 3 3 3 3 3 3 3 3 3 3 3 3 3 3 3 3 3 3 3 3 3 3 3 3 3 3 3 3 3 3 3 3 3 3 3 3 3 3 3 3 3 3 3 3 3 3 3 3 3 3 3 3 3 3 3 3 3 3 3 3 3 3 3 3 3 3 3 3 3 3 3 3 3 3 3 3 3 3 3 3 3 3 3 3 3 3 3 3 3 3 3 3 3 3 3 3 3 3 3 3 3 3 3 3 3 3 3 3 3 3 3 3 3 3 3 3 3 3 3 3 3 3 3 3 3 3 3 3 3 3 3 3 3 3 3 3 3 3 3 3 3 3 3 3 3 3 3 3 3 3 3 3 3 3 3 3 3 3 3 3 3 3 3 3 3 3 3 3 3 3 3 </vcount>
</polylist>
<polylist material="Material_003-material" count="840">
<input semantic="VERTEX" source="#Voxel_0-mesh-vertices" offset="0"/>
<input semantic="NORMAL" source="#Voxel_0-mesh-normals" offset="1"/>
<p>2 0 1 0 0 0 3 0 2 0 0 0 1 0 5 0 4 0 0 0 1 0 4 0 10 0 2 0 3 0 11 0 10 0 3 0 3 0 0 0 28 0 29 0 3 0 28 0 15 2 12 2 30 2 31 2 15 2 30 2 12 0 11 0 32 0 30 0 12 0 32 0 7 1 34 1 33 1 6 1 7 1 33 1 4 0 6 0 33 0 35 0 4 0 33 0 11 0 3 0 29 0 32 0 11 0 29 0 0 0 4 0 35 0 28 0 0 0 35 0 37 0 36 0 1 0 2 0 37 0 1 0 36 0 38 0 5 0 1 0 36 0 5 0 39 0 37 0 2 0 10 0 39 0 2 0 40 1 8 1 9 1 41 1 40 1 9 1 38 0 41 0 9 0 5 0 38 0 9 0 43 2 42 2 13 2 14 2 43 2 13 2 42 0 39 0 10 0 13 0 42 0 10 0 31 2 30 2 44 2 45 2 31 2 44 2 30 0 32 0 46 0 44 0 30 0 46 0 44 4 46 4 47 4 45 4 44 4 47 4 34 1 49 1 48 1 33 1 34 1 48 1 35 0 33 0 48 0 50 0 35 0 48 0 50 4 48 4 49 4 51 4 50 4 49 4 32 0 29 0 52 0 46 0 32 0 52 0 46 4 52 4 53 4 47 4 46 4 53 4 28 0 35 0 50 0 54 0 28 0 50 0 54 4 50 4 51 4 55 4 54 4 51 4 29 0 28 0 54 0 52 0 29 0 54 0 52 4 54 4 55 4 53 4 52 4 55 4 57 2 56 2 42 2 43 2 57 2 42 2 56 0 58 0 39 0 42 0 56 0 39 0 59 5 58 5 56 5 57 5 59 5 56 5 60 1 40 1 41 1 61 1 60 1 41 1 62 0 61 0 41 0 38 0 62 0 41 0 60 5 61 5 62 5 63 5 60 5 62 5 58 0 64 0 37 0 39 0 58 0 37 0 65 5 64 5 58 5 59 5 65 5 58 5 66 0 62 0 38 0 36 0 66 0 38 0 63 5 62 5 66 5 67 5 63 5 66 5 64 0 66 0 36 0 37 0 64 0 36 0 67 5 66 5 64 5 65 5 67 5 64 5 630 1 629 1 628 1 631 1 630 1 628 1 634 2 633 2 632 2 635 2 634 2 632 2 629 1 637 1 636 1 628 1 629 1 636 1 635 2 632 2 638 2 639 2 635 2 638 2 638 4 636 4 637 4 639 4 638 4 637 4 640 1 644 1 637 1 629 1 640 1 637 1 643 2 635 2 639 2 645 2 643 2 639 2 644 3 640 3 643 3 645 3 644 3 643 3 639 4 637 4 644 4 645 4 639 4 644 4 646 1 641 1 630 1 647 1 646 1 630 1 649 2 648 2 634 2 642 2 649 2 634 2 641 3 646 3 649 3 642 3 641 3 649 3 646 5 647 5 648 5 649 5 646 5 648 5 647 1 630 1 631 1 650 1 647 1 631 1 648 2 651 2 633 2 634 2 648 2 633 2 647 5 650 5 651 5 648 5 647 5 651 5 650 1 631 1 652 1 653 1 650 1 652 1 651 2 655 2 654 2 633 2 651 2 654 2 655 0 653 0 652 0 654 0 655 0 652 0 650 5 653 5 655 5 651 5 650 5 655 5 631 1 628 1 656 1 652 1 631 1 656 1 633 2 654 2 657 2 632 2 633 2 657 2 654 0 652 0 656 0 657 0 654 0 656 0 628 1 636 1 658 1 656 1 628 1 658 1 632 2 657 2 659 2 638 2 632 2 659 2 657 0 656 0 658 0 659 0 657 0 658 0 659 4 658 4 636 4 638 4 659 4 636 4 662 1 661 1 660 1 663 1 662 1 660 1 666 2 665 2 664 2 667 2 666 2 664 2 665 0 669 0 668 0 664 0 665 0 668 0 672 4 671 4 670 4 673 4 672 4 670 4 671 4 675 4 674 4 670 4 671 4 674 4 675 4 677 4 676 4 674 4 675 4 676 4 661 1 679 1 678 1 660 1 661 1 678 1 677 4 678 4 679 4 676 4 677 4 679 4 667 2 664 2 680 2 681 2 667 2 680 2 664 0 668 0 672 0 680 0 664 0 672 0 680 4 672 4 673 4 681 4 680 4 673 4 694 3 684 3 685 3 695 3 694 3 685 3 673 4 670 4 694 4 695 4 673 4 694 4 696 3 687 3 684 3 694 3 696 3 684 3 670 4 674 4 696 4 694 4 670 4 696 4 697 3 689 3 687 3 696 3 697 3 687 3 674 4 676 4 697 4 696 4 674 4 697 4 690 1 698 1 679 1 661 1 690 1 679 1 698 3 690 3 689 3 697 3 698 3 689 3 676 4 679 4 698 4 697 4 676 4 698 4 693 2 667 2 681 2 699 2 693 2 681 2 695 3 685 3 693 3 699 3 695 3 693 3 681 4 673 4 695 4 699 4 681 4 695 4 668 2 701 2 700 2 672 2 668 2 700 2 701 0 703 0 702 0 700 0 701 0 702 0 700 4 702 4 671 4 672 4 700 4 671 4 703 0 705 0 704 0 702 0 703 0 704 0 702 4 704 4 675 4 671 4 702 4 675 4 660 1 678 1 706 1 707 1 660 1 706 1 708 0 707 0 706 0 709 0 708 0 706 0 709 4 706 4 678 4 677 4 709 4 678 4 705 0 708 0 709 0 704 0 705 0 709 0 704 4 709 4 677 4 675 4 704 4 677 4 669 2 710 2 701 2 668 2 669 2 701 2 710 0 711 0 703 0 701 0 710 0 703 0 711 0 712 0 705 0 703 0 711 0 705 0 712 0 713 0 708 0 705 0 712 0 708 0 663 1 660 1 707 1 714 1 663 1 707 1 713 0 714 0 707 0 708 0 713 0 707 0 683 3 716 3 715 3 682 3 683 3 715 3 716 5 718 5 717 5 715 5 716 5 717 5 686 3 719 3 716 3 683 3 686 3 716 3 719 5 720 5 718 5 716 5 719 5 718 5 688 3 721 3 719 3 686 3 688 3 719 3 721 5 722 5 720 5 719 5 721 5 720 5 723 1 691 1 662 1 724 1 723 1 662 1 691 3 723 3 721 3 688 3 691 3 721 3 723 5 724 5 722 5 721 5 723 5 722 5 726 2 725 2 666 2 692 2 726 2 666 2 682 3 715 3 726 3 692 3 682 3 726 3 715 5 717 5 725 5 726 5 715 5 725 5 718 5 728 5 727 5 717 5 718 5 727 5 720 5 729 5 728 5 718 5 720 5 728 5 722 5 730 5 729 5 720 5 722 5 729 5 724 1 662 1 663 1 731 1 724 1 663 1 724 5 731 5 730 5 722 5 724 5 730 5 725 2 732 2 665 2 666 2 725 2 665 2 732 0 727 0 669 0 665 0 732 0 669 0 717 5 727 5 732 5 725 5 717 5 732 5 727 2 733 2 710 2 669 2 727 2 710 2 733 0 734 0 711 0 710 0 733 0 711 0 728 5 734 5 733 5 727 5 728 5 733 5 734 0 735 0 712 0 711 0 734 0 712 0 729 5 735 5 734 5 728 5 729 5 734 5 735 0 736 0 713 0 712 0 735 0 713 0 730 5 736 5 735 5 729 5 730 5 735 5 731 1 663 1 714 1 737 1 731 1 714 1 736 0 737 0 714 0 713 0 736 0 714 0 731 5 737 5 736 5 730 5 731 5 736 5 968 1 967 1 966 1 969 1 968 1 966 1 972 2 971 2 970 2 973 2 972 2 970 2 967 1 975 1 974 1 966 1 967 1 974 1 973 2 970 2 976 2 977 2 973 2 976 2 976 4 974 4 975 4 977 4 976 4 975 4 978 1 982 1 975 1 967 1 978 1 975 1 981 2 973 2 977 2 983 2 981 2 977 2 982 3 978 3 981 3 983 3 982 3 981 3 977 4 975 4 982 4 983 4 977 4 982 4 984 1 979 1 968 1 985 1 984 1 968 1 987 2 986 2 972 2 980 2 987 2 972 2 979 3 984 3 987 3 980 3 979 3 987 3 984 5 985 5 986 5 987 5 984 5 986 5 985 1 968 1 969 1 988 1 985 1 969 1 986 2 989 2 971 2 972 2 986 2 971 2 985 5 988 5 989 5 986 5 985 5 989 5 988 1 969 1 990 1 991 1 988 1 990 1 989 2 993 2 992 2 971 2 989 2 992 2 993 0 991 0 990 0 992 0 993 0 990 0 988 5 991 5 993 5 989 5 988 5 993 5 969 1 966 1 994 1 990 1 969 1 994 1 971 2 992 2 995 2 970 2 971 2 995 2 992 0 990 0 994 0 995 0 992 0 994 0 966 1 974 1 996 1 994 1 966 1 996 1 970 2 995 2 997 2 976 2 970 2 997 2 995 0 994 0 996 0 997 0 995 0 996 0 997 4 996 4 974 4 976 4 997 4 974 4 1000 2 999 2 998 2 1001 2 1000 2 998 2 1004 1 1003 1 1002 1 1005 1 1004 1 1002 1 1006 0 1005 0 1002 0 1007 0 1006 0 1002 0 1010 4 1009 4 1008 4 1011 4 1010 4 1008 4 1012 4 1010 4 1011 4 1013 4 1012 4 1011 4 1014 4 1012 4 1013 4 1015 4 1014 4 1013 4 1001 2 998 2 1016 2 1017 2 1001 2 1016 2 1016 4 1014 4 1015 4 1017 4 1016 4 1015 4 1003 1 1019 1 1018 1 1002 1 1003 1 1018 1 1007 0 1002 0 1018 0 1009 0 1007 0 1018 0 1009 4 1018 4 1019 4 1008 4 1009 4 1019 4 1032 3 1022 3 1023 3 1033 3 1032 3 1023 3 1011 4 1008 4 1032 4 1033 4 1011 4 1032 4 1033 3 1023 3 1025 3 1034 3 1033 3 1025 3 1013 4 1011 4 1033 4 1034 4 1013 4 1033 4 1034 3 1025 3 1027 3 1035 3 1034 3 1027 3 1015 4 1013 4 1034 4 1035 4 1015 4 1034 4 1029 2 1001 2 1017 2 1036 2 1029 2 1017 2 1035 3 1027 3 1029 3 1036 3 1035 3 1029 3 1017 4 1015 4 1035 4 1036 4 1017 4 1035 4 1030 1 1037 1 1019 1 1003 1 1030 1 1019 1 1037 3 1030 3 1022 3 1032 3 1037 3 1022 3 1008 4 1019 4 1037 4 1032 4 1008 4 1037 4 1007 1 1009 1 1038 1 1039 1 1007 1 1038 1 1040 0 1039 0 1038 0 1041 0 1040 0 1038 0 1041 4 1038 4 1009 4 1010 4 1041 4 1009 4 1042 0 1040 0 1041 0 1043 0 1042 0 1041 0 1043 4 1041 4 1010 4 1012 4 1043 4 1010 4 998 2 1045 2 1044 2 1016 2 998 2 1044 2 1045 0 1047 0 1046 0 1044 0 1045 0 1046 0 1044 4 1046 4 1014 4 1016 4 1044 4 1014 4 1047 0 1042 0 1043 0 1046 0 1047 0 1043 0 1046 4 1043 4 1012 4 1014 4 1046 4 1012 4 1006 1 1007 1 1039 1 1048 1 1006 1 1039 1 1049 0 1048 0 1039 0 1040 0 1049 0 1039 0 1050 0 1049 0 1040 0 1042 0 1050 0 1040 0 1051 0 1050 0 1042 0 1047 0 1051 0 1042 0 999 2 1052 2 1045 2 998 2 999 2 1045 2 1052 0 1051 0 1047 0 1045 0 1052 0 1047 0 1021 3 1054 3 1053 3 1020 3 1021 3 1053 3 1054 5 1056 5 1055 5 1053 5 1054 5 1055 5 1020 3 1053 3 1057 3 1024 3 1020 3 1057 3 1053 5 1055 5 1058 5 1057 5 1053 5 1058 5 1024 3 1057 3 1059 3 1026 3 1024 3 1059 3 1057 5 1058 5 1060 5 1059 5 1057 5 1060 5 1062 2 1061 2 1000 2 1028 2 1062 2 1000 2 1026 3 1059 3 1062 3 1028 3 1026 3 1062 3 1059 5 1060 5 1061 5 1062 5 1059 5 1061 5 1063 1 1031 1 1004 1 1064 1 1063 1 1004 1 1031 3 1063 3 1054 3 1021 3 1031 3 1054 3 1063 5 1064 5 1056 5 1054 5 1063 5 1056 5 1056 5 1066 5 1065 5 1055 5 1056 5 1065 5 1055 5 1065 5 1067 5 1058 5 1055 5 1067 5 1058 5 1067 5 1068 5 1060 5 1058 5 1068 5 1061 2 1069 2 999 2 1000 2 1061 2 999 2 1060 5 1068 5 1069 5 1061 5 1060 5 1069 5 1064 1 1004 1 1005 1 1070 1 1064 1 1005 1 1066 0 1070 0 1005 0 1006 0 1066 0 1005 0 1064 5 1070 5 1066 5 1056 5 1064 5 1066 5 1066 1 1006 1 1048 1 1071 1 1066 1 1048 1 1072 0 1071 0 1048 0 1049 0 1072 0 1048 0 1066 5 1071 5 1072 5 1065 5 1066 5 1072 5 1073 0 1072 0 1049 0 1050 0 1073 0 1049 0 1065 5 1072 5 1073 5 1067 5 1065 5 1073 5 1074 0 1073 0 1050 0 1051 0 1074 0 1050 0 1067 5 1073 5 1074 5 1068 5 1067 5 1074 5 1069 2 1075 2 1052 2 999 2 1069 2 1052 2 1075 0 1074 0 1051 0 1052 0 1075 0 1051 0 1068 5 1074 5 1075 5 1069 5 1068 5 1075 5 1306 3 1305 3 1304 3 1307 3 1306 3 1304 3 1348 0 1346 0 1329 0 1330 0 1348 0 1329 0 1347 5 1346 5 1348 5 1349 5 1347 5 1348 5 1360 2 1356 2 1317 2 1309 2 1360 2 1317 2 1361 5 1357 5 1356 5 1360 5 1361 5 1356 5 1362 5 1358 5 1357 5 1361 5 1362 5 1357 5 1363 1 1315 1 1319 1 1359 1 1363 1 1319 1 1363 5 1359 5 1358 5 1362 5 1363 5 1358 5 1364 2 1360 2 1309 2 1310 2 1364 2 1309 2 1304 3 1365 3 1364 3 1310 3 1304 3 1364 3 1365 5 1361 5 1360 5 1364 5 1365 5 1360 5 1305 3 1366 3 1365 3 1304 3 1305 3 1365 3 1366 5 1362 5 1361 5 1365 5 1366 5 1361 5 1367 1 1314 1 1315 1 1363 1 1367 1 1315 1 1314 3 1367 3 1366 3 1305 3 1314 3 1366 3 1367 5 1363 5 1362 5 1366 5 1367 5 1362 5 1311 2 1308 2 1376 2 1377 2 1311 2 1376 2 1378 3 1307 3 1311 3 1377 3 1378 3 1311 3 1376 4 1379 4 1378 4 1377 4 1376 4 1378 4 1380 3 1306 3 1307 3 1378 3 1380 3 1307 3 1379 4 1381 4 1380 4 1378 4 1379 4 1380 4 1313 1 1383 1 1382 1 1312 1 1313 1 1382 1 1383 3 1313 3 1306 3 1380 3 1383 3 1306 3 1381 4 1382 4 1383 4 1380 4 1381 4 1383 4 1308 2 1316 2 1369 2 1376 2 1308 2 1369 2 1369 4 1370 4 1379 4 1376 4 1369 4 1379 4 1370 4 1372 4 1381 4 1379 4 1370 4 1381 4 1312 1 1382 1 1375 1 1318 1 1312 1 1375 1 1372 4 1375 4 1382 4 1381 4 1372 4 1382 4 1386 3 1385 3 1384 3 1387 3 1386 3 1384 3 1410 0 1409 0 1408 0 1411 0 1410 0 1408 0 1411 0 1408 0 1416 0 1417 0 1411 0 1416 0 1417 4 1416 4 1418 4 1419 4 1417 4 1418 4 1404 1 1421 1 1420 1 1412 1 1404 1 1420 1 1408 0 1412 0 1420 0 1416 0 1408 0 1420 0 1416 4 1420 4 1421 4 1418 4 1416 4 1421 4 1406 2 1414 2 1422 2 1423 2 1406 2 1422 2 1414 0 1411 0 1417 0 1422 0 1414 0 1417 0 1422 4 1417 4 1419 4 1423 4 1422 4 1419 4 1425 0 1424 0 1409 0 1410 0 1425 0 1409 0 1426 5 1424 5 1425 5 1427 5 1426 5 1425 5 1428 1 1405 1 1413 1 1429 1 1428 1 1413 1 1424 0 1429 0 1413 0 1409 0 1424 0 1413 0 1428 5 1429 5 1424 5 1426 5 1428 5 1424 5 1431 2 1430 2 1415 2 1407 2 1431 2 1415 2 1430 0 1425 0 1410 0 1415 0 1430 0 1410 0 1427 5 1425 5 1430 5 1431 5 1427 5 1430 5 1432 1 1401 1 1405 1 1428 1 1432 1 1405 1 1432 5 1428 5 1426 5 1433 5 1432 5 1426 5 1433 5 1426 5 1427 5 1434 5 1433 5 1427 5 1435 2 1431 2 1407 2 1403 2 1435 2 1407 2 1434 5 1427 5 1431 5 1435 5 1434 5 1431 5 1436 2 1435 2 1403 2 1399 2 1436 2 1403 2 1437 5 1434 5 1435 5 1436 5 1437 5 1435 5 1438 1 1397 1 1401 1 1432 1 1438 1 1401 1 1438 5 1432 5 1433 5 1439 5 1438 5 1433 5 1439 5 1433 5 1434 5 1437 5 1439 5 1434 5 1440 1 1391 1 1397 1 1438 1 1440 1 1397 1 1440 5 1438 5 1439 5 1441 5 1440 5 1439 5 1441 5 1439 5 1437 5 1442 5 1441 5 1437 5 1443 2 1436 2 1399 2 1393 2 1443 2 1399 2 1442 5 1437 5 1436 5 1443 5 1442 5 1436 5 1444 2 1443 2 1393 2 1394 2 1444 2 1393 2 1384 3 1445 3 1444 3 1394 3 1384 3 1444 3 1445 5 1442 5 1443 5 1444 5 1445 5 1443 5 1385 3 1446 3 1445 3 1384 3 1385 3 1445 3 1446 5 1441 5 1442 5 1445 5 1446 5 1442 5 1447 1 1390 1 1391 1 1440 1 1447 1 1391 1 1390 3 1447 3 1446 3 1385 3 1390 3 1446 3 1447 5 1440 5 1441 5 1446 5 1447 5 1441 5 1402 2 1406 2 1423 2 1448 2 1402 2 1423 2 1423 4 1419 4 1449 4 1448 4 1423 4 1449 4 1419 4 1418 4 1450 4 1449 4 1419 4 1450 4 1400 1 1451 1 1421 1 1404 1 1400 1 1421 1 1418 4 1421 4 1451 4 1450 4 1418 4 1451 4 1398 2 1402 2 1448 2 1452 2 1398 2 1448 2 1448 4 1449 4 1453 4 1452 4 1448 4 1453 4 1449 4 1450 4 1454 4 1453 4 1449 4 1454 4 1396 1 1455 1 1451 1 1400 1 1396 1 1451 1 1450 4 1451 4 1455 4 1454 4 1450 4 1455 4 1392 2 1398 2 1452 2 1456 2 1392 2 1452 2 1452 4 1453 4 1457 4 1456 4 1452 4 1457 4 1453 4 1454 4 1458 4 1457 4 1453 4 1458 4 1388 1 1459 1 1455 1 1396 1 1388 1 1455 1 1454 4 1455 4 1459 4 1458 4 1454 4 1459 4 1395 2 1392 2 1456 2 1460 2 1395 2 1456 2 1461 3 1387 3 1395 3 1460 3 1461 3 1395 3 1456 4 1457 4 1461 4 1460 4 1456 4 1461 4 1462 3 1386 3 1387 3 1461 3 1462 3 1387 3 1457 4 1458 4 1462 4 1461 4 1457 4 1462 4 1389 1 1463 1 1459 1 1388 1 1389 1 1459 1 1463 3 1389 3 1386 3 1462 3 1463 3 1386 3 1458 4 1459 4 1463 4 1462 4 1458 4 1463 4 1518 3 1517 3 1516 3 1519 3 1518 3 1516 3 1542 0 1541 0 1540 0 1543 0 1542 0 1540 0 1543 0 1540 0 1548 0 1549 0 1543 0 1548 0 1549 4 1548 4 1550 4 1551 4 1549 4 1550 4 1536 2 1544 2 1552 2 1553 2 1536 2 1552 2 1544 0 1543 0 1549 0 1552 0 1544 0 1549 0 1552 4 1549 4 1551 4 1553 4 1552 4 1551 4 1538 1 1555 1 1554 1 1546 1 1538 1 1554 1 1540 0 1546 0 1554 0 1548 0 1540 0 1554 0 1548 4 1554 4 1555 4 1550 4 1548 4 1555 4 1557 0 1556 0 1541 0 1542 0 1557 0 1541 0 1558 5 1556 5 1557 5 1559 5 1558 5 1557 5 1561 2 1560 2 1545 2 1537 2 1561 2 1545 2 1560 0 1557 0 1542 0 1545 0 1560 0 1542 0 1559 5 1557 5 1560 5 1561 5 1559 5 1560 5 1562 1 1539 1 1547 1 1563 1 1562 1 1547 1 1556 0 1563 0 1547 0 1541 0 1556 0 1547 0 1562 5 1563 5 1556 5 1558 5 1562 5 1556 5 1564 2 1561 2 1537 2 1533 2 1564 2 1537 2 1565 5 1559 5 1561 5 1564 5 1565 5 1561 5 1566 5 1558 5 1559 5 1565 5 1566 5 1559 5 1567 1 1535 1 1539 1 1562 1 1567 1 1539 1 1567 5 1562 5 1558 5 1566 5 1567 5 1558 5 1568 1 1531 1 1535 1 1567 1 1568 1 1535 1 1568 5 1567 5 1566 5 1569 5 1568 5 1566 5 1570 2 1564 2 1533 2 1529 2 1570 2 1533 2 1571 5 1565 5 1564 5 1570 5 1571 5 1564 5 1569 5 1566 5 1565 5 1571 5 1569 5 1565 5 1572 2 1570 2 1529 2 1521 2 1572 2 1529 2 1573 5 1571 5 1570 5 1572 5 1573 5 1570 5 1574 5 1569 5 1571 5 1573 5 1574 5 1571 5 1575 1 1527 1 1531 1 1568 1 1575 1 1531 1 1575 5 1568 5 1569 5 1574 5 1575 5 1569 5 1576 1 1526 1 1527 1 1575 1 1576 1 1527 1 1526 3 1576 3 1577 3 1517 3 1526 3 1577 3 1576 5 1575 5 1574 5 1577 5 1576 5 1574 5 1517 3 1577 3 1578 3 1516 3 1517 3 1578 3 1577 5 1574 5 1573 5 1578 5 1577 5 1573 5 1579 2 1572 2 1521 2 1522 2 1579 2 1521 2 1516 3 1578 3 1579 3 1522 3 1516 3 1579 3 1578 5 1573 5 1572 5 1579 5 1578 5 1572 5 1534 1 1580 1 1555 1 1538 1 1534 1 1555 1 1550 4 1555 4 1580 4 1581 4 1550 4 1580 4 1551 4 1550 4 1581 4 1582 4 1551 4 1581 4 1532 2 1536 2 1553 2 1583 2 1532 2 1553 2 1553 4 1551 4 1582 4 1583 4 1553 4 1582 4 1530 1 1584 1 1580 1 1534 1 1530 1 1580 1 1581 4 1580 4 1584 4 1585 4 1581 4 1584 4 1582 4 1581 4 1585 4 1586 4 1582 4 1585 4 1528 2 1532 2 1583 2 1587 2 1528 2 1583 2 1583 4 1582 4 1586 4 1587 4 1583 4 1586 4 1524 1 1588 1 1584 1 1530 1 1524 1 1584 1 1585 4 1584 4 1588 4 1589 4 1585 4 1588 4 1586 4 1585 4 1589 4 1590 4 1586 4 1589 4 1520 2 1528 2 1587 2 1591 2 1520 2 1587 2 1587 4 1586 4 1590 4 1591 4 1587 4 1590 4 1525 1 1592 1 1588 1 1524 1 1525 1 1588 1 1592 3 1525 3 1518 3 1593 3 1592 3 1518 3 1589 4 1588 4 1592 4 1593 4 1589 4 1592 4 1593 3 1518 3 1519 3 1594 3 1593 3 1519 3 1590 4 1589 4 1593 4 1594 4 1590 4 1593 4 1523 2 1520 2 1591 2 1595 2 1523 2 1591 2 1594 3 1519 3 1523 3 1595 3 1594 3 1523 3 1591 4 1590 4 1594 4 1595 4 1591 4 1594 4 1598 3 1597 3 1596 3 1599 3 1598 3 1596 3 1638 0 1640 0 1621 0 1622 0 1638 0 1621 0 1641 5 1640 5 1638 5 1639 5 1641 5 1638 5 1652 1 1603 1 1609 1 1648 1 1652 1 1609 1 1652 5 1648 5 1649 5 1653 5 1652 5 1649 5 1653 5 1649 5 1650 5 1654 5 1653 5 1650 5 1655 2 1651 2 1611 2 1605 2 1655 2 1611 2 1654 5 1650 5 1651 5 1655 5 1654 5 1651 5 1656 1 1602 1 1603 1 1652 1 1656 1 1603 1 1602 3 1656 3 1657 3 1597 3 1602 3 1657 3 1656 5 1652 5 1653 5 1657 5 1656 5 1653 5 1597 3 1657 3 1658 3 1596 3 1597 3 1658 3 1657 5 1653 5 1654 5 1658 5 1657 5 1654 5 1659 2 1655 2 1605 2 1606 2 1659 2 1605 2 1596 3 1658 3 1659 3 1606 3 1596 3 1659 3 1658 5 1654 5 1655 5 1659 5 1658 5 1655 5 1601 1 1669 1 1668 1 1600 1 1601 1 1668 1 1669 3 1601 3 1598 3 1670 3 1669 3 1598 3 1671 4 1668 4 1669 4 1670 4 1671 4 1669 4 1670 3 1598 3 1599 3 1672 3 1670 3 1599 3 1673 4 1671 4 1670 4 1672 4 1673 4 1670 4 1607 2 1604 2 1674 2 1675 2 1607 2 1674 2 1672 3 1599 3 1607 3 1675 3 1672 3 1607 3 1674 4 1673 4 1672 4 1675 4 1674 4 1672 4 1600 1 1668 1 1661 1 1608 1 1600 1 1661 1 1663 4 1661 4 1668 4 1671 4 1663 4 1668 4 1665 4 1663 4 1671 4 1673 4 1665 4 1671 4 1604 2 1610 2 1667 2 1674 2 1604 2 1667 2 1667 4 1665 4 1673 4 1674 4 1667 4 1673 4 1841 4 1844 4 1957 4 1954 4 1841 4 1957 4 </p>
<vcount>3 3 3 3 3 3 3 3 3 3 3 3 3 3 3 3 3 3 3 3 3 3 3 3 3 3 3 3 3 3 3 3 3 3 3 3 3 3 3 3 3 3 3 3 3 3 3 3 3 3 3 3 3 3 3 3 3 3 3 3 3 3 3 3 3 3 3 3 3 3 3 3 3 3 3 3 3 3 3 3 3 3 3 3 3 3 3 3 3 3 3 3 3 3 3 3 3 3 3 3 3 3 3 3 3 3 3 3 3 3 3 3 3 3 3 3 3 3 3 3 3 3 3 3 3 3 3 3 3 3 3 3 3 3 3 3 3 3 3 3 3 3 3 3 3 3 3 3 3 3 3 3 3 3 3 3 3 3 3 3 3 3 3 3 3 3 3 3 3 3 3 3 3 3 3 3 3 3 3 3 3 3 3 3 3 3 3 3 3 3 3 3 3 3 3 3 3 3 3 3 3 3 3 3 3 3 3 3 3 3 3 3 3 3 3 3 3 3 3 3 3 3 3 3 3 3 3 3 3 3 3 3 3 3 3 3 3 3 3 3 3 3 3 3 3 3 3 3 3 3 3 3 3 3 3 3 3 3 3 3 3 3 3 3 3 3 3 3 3 3 3 3 3 3 3 3 3 3 3 3 3 3 3 3 3 3 3 3 3 3 3 3 3 3 3 3 3 3 3 3 3 3 3 3 3 3 3 3 3 3 3 3 3 3 3 3 3 3 3 3 3 3 3 3 3 3 3 3 3 3 3 3 3 3 3 3 3 3 3 3 3 3 3 3 3 3 3 3 3 3 3 3 3 3 3 3 3 3 3 3 3 3 3 3 3 3 3 3 3 3 3 3 3 3 3 3 3 3 3 3 3 3 3 3 3 3 3 3 3 3 3 3 3 3 3 3 3 3 3 3 3 3 3 3 3 3 3 3 3 3 3 3 3 3 3 3 3 3 3 3 3 3 3 3 3 3 3 3 3 3 3 3 3 3 3 3 3 3 3 3 3 3 3 3 3 3 3 3 3 3 3 3 3 3 3 3 3 3 3 3 3 3 3 3 3 3 3 3 3 3 3 3 3 3 3 3 3 3 3 3 3 3 3 3 3 3 3 3 3 3 3 3 3 3 3 3 3 3 3 3 3 3 3 3 3 3 3 3 3 3 3 3 3 3 3 3 3 3 3 3 3 3 3 3 3 3 3 3 3 3 3 3 3 3 3 3 3 3 3 3 3 3 3 3 3 3 3 3 3 3 3 3 3 3 3 3 3 3 3 3 3 3 3 3 3 3 3 3 3 3 3 3 3 3 3 3 3 3 3 3 3 3 3 3 3 3 3 3 3 3 3 3 3 3 3 3 3 3 3 3 3 3 3 3 3 3 3 3 3 3 3 3 3 3 3 3 3 3 3 3 3 3 3 3 3 3 3 3 3 3 3 3 3 3 3 3 3 3 3 3 3 3 3 3 3 3 3 3 3 3 3 3 3 3 3 3 3 3 3 3 3 3 3 3 3 3 3 3 3 3 3 3 3 3 3 3 3 3 3 3 3 3 3 3 3 3 3 3 3 3 3 3 3 3 3 3 3 3 3 3 3 3 3 3 3 3 3 3 3 3 3 3 3 3 3 3 3 3 3 3 3 3 3 3 3 3 3 3 3 3 3 3 3 3 3 3 3 3 3 3 3 3 3 3 3 3 3 3 3 3 3 3 3 3 3 3 3 3 3 3 3 3 3 3 3 3 3 3 3 3 3 3 3 3 3 3 3 3 3 3 3 3 3 3 3 3 3 3 3 3 3 3 3 3 3 3 3 3 3 3 3 3 3 3 3 3 3 3 3 3 3 3 3 3 3 3 3 3 3 3 3 3 3 3 3 3 3 3 3 3 3 3 3 3 3 3 3 3 3 3 </vcount>
</polylist>
<polylist material="Material_004-material" count="1248">
<input semantic="VERTEX" source="#Voxel_0-mesh-vertices" offset="0"/>
<input semantic="NORMAL" source="#Voxel_0-mesh-normals" offset="1"/>
<p>8 1 7 1 6 1 9 1 8 1 6 1 5 0 9 0 6 0 4 0 5 0 6 0 14 2 13 2 12 2 15 2 14 2 12 2 13 0 10 0 11 0 12 0 13 0 11 0 94 0 93 0 92 0 95 0 94 0 92 0 93 0 97 0 96 0 92 0 93 0 96 0 98 0 94 0 95 0 99 0 98 0 95 0 102 1 101 1 100 1 103 1 102 1 100 1 97 0 103 0 100 0 96 0 97 0 100 0 106 2 105 2 104 2 107 2 106 2 104 2 105 0 98 0 99 0 104 0 105 0 99 0 110 3 109 3 108 3 111 3 110 3 108 3 113 3 112 3 109 3 110 3 113 3 109 3 111 3 108 3 114 3 115 3 111 3 114 3 117 1 116 1 101 1 102 1 117 1 101 1 116 3 117 3 112 3 113 3 116 3 112 3 118 2 106 2 107 2 119 2 118 2 107 2 115 3 114 3 118 3 119 3 115 3 118 3 95 0 92 0 120 0 121 0 95 0 120 0 92 0 96 0 122 0 120 0 92 0 122 0 99 0 95 0 121 0 123 0 99 0 121 0 101 1 125 1 124 1 100 1 101 1 124 1 96 0 100 0 124 0 122 0 96 0 124 0 107 2 104 2 126 2 127 2 107 2 126 2 104 0 99 0 123 0 126 0 104 0 123 0 128 1 102 1 103 1 129 1 128 1 103 1 130 0 129 0 103 0 97 0 130 0 103 0 132 2 131 2 105 2 106 2 132 2 105 2 131 0 133 0 98 0 105 0 131 0 98 0 135 0 134 0 93 0 94 0 135 0 93 0 134 0 130 0 97 0 93 0 134 0 97 0 133 0 135 0 94 0 98 0 133 0 94 0 137 2 136 2 131 2 132 2 137 2 131 2 136 0 138 0 133 0 131 0 136 0 133 0 139 5 138 5 136 5 137 5 139 5 136 5 140 1 128 1 129 1 141 1 140 1 129 1 142 0 141 0 129 0 130 0 142 0 129 0 140 5 141 5 142 5 143 5 140 5 142 5 138 0 144 0 135 0 133 0 138 0 135 0 145 5 144 5 138 5 139 5 145 5 138 5 146 0 142 0 130 0 134 0 146 0 130 0 143 5 142 5 146 5 147 5 143 5 146 5 144 0 146 0 134 0 135 0 144 0 134 0 147 5 146 5 144 5 145 5 147 5 144 5 121 0 120 0 148 0 149 0 121 0 148 0 149 4 148 4 150 4 151 4 149 4 150 4 123 0 121 0 149 0 152 0 123 0 149 0 152 4 149 4 151 4 153 4 152 4 151 4 120 0 122 0 154 0 148 0 120 0 154 0 148 4 154 4 155 4 150 4 148 4 155 4 125 1 157 1 156 1 124 1 125 1 156 1 122 0 124 0 156 0 154 0 122 0 156 0 154 4 156 4 157 4 155 4 154 4 157 4 127 2 126 2 158 2 159 2 127 2 158 2 126 0 123 0 152 0 158 0 126 0 152 0 158 4 152 4 153 4 159 4 158 4 153 4 160 3 110 3 111 3 161 3 160 3 111 3 162 3 113 3 110 3 160 3 162 3 110 3 161 3 111 3 115 3 163 3 161 3 115 3 116 1 164 1 125 1 101 1 116 1 125 1 164 3 116 3 113 3 162 3 164 3 113 3 119 2 107 2 127 2 165 2 119 2 127 2 163 3 115 3 119 3 165 3 163 3 119 3 164 1 166 1 157 1 125 1 164 1 157 1 166 3 164 3 162 3 167 3 166 3 162 3 155 4 157 4 166 4 167 4 155 4 166 4 165 2 127 2 159 2 168 2 165 2 159 2 169 3 163 3 165 3 168 3 169 3 165 3 159 4 153 4 169 4 168 4 159 4 169 4 167 3 162 3 160 3 170 3 167 3 160 3 150 4 155 4 167 4 170 4 150 4 167 4 171 3 161 3 163 3 169 3 171 3 163 3 153 4 151 4 171 4 169 4 153 4 171 4 170 3 160 3 161 3 171 3 170 3 161 3 151 4 150 4 170 4 171 4 151 4 170 4 172 2 132 2 106 2 118 2 172 2 106 2 114 3 173 3 172 3 118 3 114 3 172 3 174 1 117 1 102 1 128 1 174 1 102 1 117 3 174 3 175 3 112 3 117 3 175 3 108 3 176 3 173 3 114 3 108 3 173 3 112 3 175 3 177 3 109 3 112 3 177 3 109 3 177 3 176 3 108 3 109 3 176 3 177 3 179 3 178 3 176 3 177 3 178 3 179 5 147 5 145 5 178 5 179 5 145 5 175 3 180 3 179 3 177 3 175 3 179 3 180 5 143 5 147 5 179 5 180 5 147 5 176 3 178 3 181 3 173 3 176 3 181 3 178 5 145 5 139 5 181 5 178 5 139 5 182 1 174 1 128 1 140 1 182 1 128 1 174 3 182 3 180 3 175 3 174 3 180 3 182 5 140 5 143 5 180 5 182 5 143 5 183 2 137 2 132 2 172 2 183 2 132 2 173 3 181 3 183 3 172 3 173 3 183 3 181 5 139 5 137 5 183 5 181 5 137 5 186 0 185 0 184 0 187 0 186 0 184 0 185 0 189 0 188 0 184 0 185 0 188 0 190 0 186 0 187 0 191 0 190 0 187 0 194 1 193 1 192 1 195 1 194 1 192 1 189 0 195 0 192 0 188 0 189 0 192 0 198 2 197 2 196 2 199 2 198 2 196 2 197 0 190 0 191 0 196 0 197 0 191 0 202 3 201 3 200 3 203 3 202 3 200 3 205 3 204 3 201 3 202 3 205 3 201 3 203 3 200 3 206 3 207 3 203 3 206 3 209 1 208 1 193 1 194 1 209 1 193 1 208 3 209 3 204 3 205 3 208 3 204 3 210 2 198 2 199 2 211 2 210 2 199 2 207 3 206 3 210 3 211 3 207 3 210 3 187 0 184 0 212 0 213 0 187 0 212 0 184 0 188 0 214 0 212 0 184 0 214 0 191 0 187 0 213 0 215 0 191 0 213 0 193 1 217 1 216 1 192 1 193 1 216 1 188 0 192 0 216 0 214 0 188 0 216 0 199 2 196 2 218 2 219 2 199 2 218 2 196 0 191 0 215 0 218 0 196 0 215 0 213 0 212 0 220 0 221 0 213 0 220 0 221 4 220 4 222 4 223 4 221 4 222 4 212 0 214 0 224 0 220 0 212 0 224 0 220 4 224 4 225 4 222 4 220 4 225 4 215 0 213 0 221 0 226 0 215 0 221 0 226 4 221 4 223 4 227 4 226 4 223 4 217 1 229 1 228 1 216 1 217 1 228 1 214 0 216 0 228 0 224 0 214 0 228 0 224 4 228 4 229 4 225 4 224 4 229 4 219 2 218 2 230 2 231 2 219 2 230 2 218 0 215 0 226 0 230 0 218 0 226 0 230 4 226 4 227 4 231 4 230 4 227 4 233 0 232 0 185 0 186 0 233 0 185 0 232 0 234 0 189 0 185 0 232 0 189 0 235 0 233 0 186 0 190 0 235 0 186 0 236 1 194 1 195 1 237 1 236 1 195 1 234 0 237 0 195 0 189 0 234 0 195 0 239 2 238 2 197 2 198 2 239 2 197 2 238 0 235 0 190 0 197 0 238 0 190 0 241 0 240 0 232 0 233 0 241 0 232 0 242 5 240 5 241 5 243 5 242 5 241 5 240 0 244 0 234 0 232 0 240 0 234 0 245 5 244 5 240 5 242 5 245 5 240 5 246 0 241 0 233 0 235 0 246 0 233 0 243 5 241 5 246 5 247 5 243 5 246 5 248 1 236 1 237 1 249 1 248 1 237 1 244 0 249 0 237 0 234 0 244 0 237 0 248 5 249 5 244 5 245 5 248 5 244 5 251 2 250 2 238 2 239 2 251 2 238 2 250 0 246 0 235 0 238 0 250 0 235 0 247 5 246 5 250 5 251 5 247 5 250 5 201 3 253 3 252 3 200 3 201 3 252 3 204 3 254 3 253 3 201 3 204 3 253 3 200 3 252 3 255 3 206 3 200 3 255 3 256 1 209 1 194 1 236 1 256 1 194 1 209 3 256 3 254 3 204 3 209 3 254 3 257 2 239 2 198 2 210 2 257 2 198 2 206 3 255 3 257 3 210 3 206 3 257 3 253 3 259 3 258 3 252 3 253 3 258 3 259 5 242 5 243 5 258 5 259 5 243 5 254 3 260 3 259 3 253 3 254 3 259 3 260 5 245 5 242 5 259 5 260 5 242 5 252 3 258 3 261 3 255 3 252 3 261 3 258 5 243 5 247 5 261 5 258 5 247 5 262 1 256 1 236 1 248 1 262 1 236 1 256 3 262 3 260 3 254 3 256 3 260 3 262 5 248 5 245 5 260 5 262 5 245 5 263 2 251 2 239 2 257 2 263 2 239 2 255 3 261 3 263 3 257 3 255 3 263 3 261 5 247 5 251 5 263 5 261 5 251 5 264 3 202 3 203 3 265 3 264 3 203 3 266 3 205 3 202 3 264 3 266 3 202 3 265 3 203 3 207 3 267 3 265 3 207 3 208 1 268 1 217 1 193 1 208 1 217 1 268 3 208 3 205 3 266 3 268 3 205 3 211 2 199 2 219 2 269 2 211 2 219 2 267 3 207 3 211 3 269 3 267 3 211 3 270 3 264 3 265 3 271 3 270 3 265 3 223 4 222 4 270 4 271 4 223 4 270 4 272 3 266 3 264 3 270 3 272 3 264 3 222 4 225 4 272 4 270 4 222 4 272 4 271 3 265 3 267 3 273 3 271 3 267 3 227 4 223 4 271 4 273 4 227 4 271 4 268 1 274 1 229 1 217 1 268 1 229 1 274 3 268 3 266 3 272 3 274 3 266 3 225 4 229 4 274 4 272 4 225 4 274 4 269 2 219 2 231 2 275 2 269 2 231 2 273 3 267 3 269 3 275 3 273 3 269 3 231 4 227 4 273 4 275 4 231 4 273 4 278 0 277 0 276 0 279 0 278 0 276 0 277 0 281 0 280 0 276 0 277 0 280 0 284 1 283 1 282 1 285 1 284 1 282 1 281 0 285 0 282 0 280 0 281 0 282 0 286 0 278 0 279 0 287 0 286 0 279 0 290 2 289 2 288 2 291 2 290 2 288 2 289 0 286 0 287 0 288 0 289 0 287 0 297 1 296 1 283 1 284 1 297 1 283 1 296 3 297 3 298 3 299 3 296 3 298 3 300 2 290 2 291 2 301 2 300 2 291 2 303 3 302 3 300 3 301 3 303 3 300 3 295 3 292 3 302 3 303 3 295 3 302 3 299 3 298 3 293 3 294 3 299 3 293 3 305 2 304 2 289 2 290 2 305 2 289 2 304 0 306 0 286 0 289 0 304 0 286 0 307 1 284 1 285 1 308 1 307 1 285 1 309 0 308 0 285 0 281 0 309 0 285 0 306 0 310 0 278 0 286 0 306 0 278 0 311 0 309 0 281 0 277 0 311 0 281 0 310 0 311 0 277 0 278 0 310 0 277 0 313 2 312 2 304 2 305 2 313 2 304 2 312 0 314 0 306 0 304 0 312 0 306 0 315 5 314 5 312 5 313 5 315 5 312 5 316 1 307 1 308 1 317 1 316 1 308 1 318 0 317 0 308 0 309 0 318 0 308 0 316 5 317 5 318 5 319 5 316 5 318 5 314 0 320 0 310 0 306 0 314 0 310 0 321 5 320 5 314 5 315 5 321 5 314 5 322 0 318 0 309 0 311 0 322 0 309 0 319 5 318 5 322 5 323 5 319 5 322 5 320 0 322 0 311 0 310 0 320 0 311 0 323 5 322 5 320 5 321 5 323 5 320 5 279 0 276 0 324 0 325 0 279 0 324 0 283 1 327 1 326 1 282 1 283 1 326 1 280 0 282 0 326 0 328 0 280 0 326 0 291 2 288 2 329 2 330 2 291 2 329 2 288 0 287 0 331 0 329 0 288 0 331 0 276 0 280 0 328 0 324 0 276 0 328 0 287 0 279 0 325 0 331 0 287 0 325 0 330 2 329 2 332 2 333 2 330 2 332 2 329 0 331 0 334 0 332 0 329 0 334 0 332 4 334 4 335 4 333 4 332 4 335 4 327 1 337 1 336 1 326 1 327 1 336 1 328 0 326 0 336 0 338 0 328 0 336 0 338 4 336 4 337 4 339 4 338 4 337 4 331 0 325 0 340 0 334 0 331 0 340 0 334 4 340 4 341 4 335 4 334 4 341 4 324 0 328 0 338 0 342 0 324 0 338 0 342 4 338 4 339 4 343 4 342 4 339 4 325 0 324 0 342 0 340 0 325 0 342 0 340 4 342 4 343 4 341 4 340 4 343 4 345 1 344 1 307 1 316 1 345 1 307 1 344 3 345 3 346 3 347 3 344 3 346 3 345 5 316 5 319 5 346 5 345 5 319 5 348 2 313 2 305 2 349 2 348 2 305 2 351 3 350 3 348 3 349 3 351 3 348 3 350 5 315 5 313 5 348 5 350 5 313 5 347 3 346 3 352 3 353 3 347 3 352 3 346 5 319 5 323 5 352 5 346 5 323 5 355 3 354 3 350 3 351 3 355 3 350 3 354 5 321 5 315 5 350 5 354 5 315 5 353 3 352 3 354 3 355 3 353 3 354 3 352 5 323 5 321 5 354 5 352 5 321 5 344 1 297 1 284 1 307 1 344 1 284 1 297 3 344 3 347 3 298 3 297 3 347 3 349 2 305 2 290 2 300 2 349 2 290 2 302 3 351 3 349 3 300 3 302 3 349 3 292 3 355 3 351 3 302 3 292 3 351 3 298 3 347 3 353 3 293 3 298 3 353 3 293 3 353 3 355 3 292 3 293 3 355 3 296 1 356 1 327 1 283 1 296 1 327 1 356 3 296 3 299 3 357 3 356 3 299 3 301 2 291 2 330 2 358 2 301 2 330 2 359 3 303 3 301 3 358 3 359 3 301 3 357 3 299 3 294 3 360 3 357 3 294 3 361 3 295 3 303 3 359 3 361 3 303 3 360 3 294 3 295 3 361 3 360 3 295 3 356 1 362 1 337 1 327 1 356 1 337 1 362 3 356 3 357 3 363 3 362 3 357 3 339 4 337 4 362 4 363 4 339 4 362 4 358 2 330 2 333 2 364 2 358 2 333 2 365 3 359 3 358 3 364 3 365 3 358 3 333 4 335 4 365 4 364 4 333 4 365 4 366 3 360 3 361 3 367 3 366 3 361 3 341 4 343 4 366 4 367 4 341 4 366 4 363 3 357 3 360 3 366 3 363 3 360 3 343 4 339 4 363 4 366 4 343 4 363 4 367 3 361 3 359 3 365 3 367 3 359 3 335 4 341 4 367 4 365 4 335 4 367 4 641 1 640 1 629 1 630 1 641 1 629 1 642 2 634 2 635 2 643 2 642 2 635 2 640 3 641 3 642 3 643 3 640 3 642 3 684 3 683 3 682 3 685 3 684 3 682 3 687 3 686 3 683 3 684 3 687 3 683 3 689 3 688 3 686 3 687 3 689 3 686 3 691 1 690 1 661 1 662 1 691 1 661 1 690 3 691 3 688 3 689 3 690 3 688 3 692 2 666 2 667 2 693 2 692 2 667 2 685 3 682 3 692 3 693 3 685 3 692 3 740 2 739 2 738 2 741 2 740 2 738 2 739 2 747 2 746 2 738 2 739 2 746 2 747 0 749 0 748 0 746 0 747 0 748 0 741 2 738 2 756 2 757 2 741 2 756 2 756 4 759 4 758 4 757 4 756 4 758 4 738 2 746 2 766 2 756 2 738 2 766 2 746 0 748 0 767 0 766 0 746 0 767 0 766 4 767 4 759 4 756 4 766 4 759 4 771 2 740 2 741 2 772 2 771 2 741 2 774 3 773 3 771 3 772 3 774 3 771 3 772 2 741 2 757 2 781 2 772 2 757 2 782 3 774 3 772 3 781 3 782 3 772 3 757 4 758 4 782 4 781 4 757 4 782 4 787 2 786 2 747 2 739 2 787 2 747 2 786 0 788 0 749 0 747 0 786 0 749 0 789 5 788 5 786 5 787 5 789 5 786 5 796 2 787 2 739 2 740 2 796 2 739 2 797 5 789 5 787 5 796 5 797 5 787 5 801 2 796 2 740 2 771 2 801 2 740 2 773 3 802 3 801 3 771 3 773 3 801 3 802 5 797 5 796 5 801 5 802 5 796 5 979 1 978 1 967 1 968 1 979 1 967 1 980 2 972 2 973 2 981 2 980 2 973 2 978 3 979 3 980 3 981 3 978 3 980 3 1022 3 1021 3 1020 3 1023 3 1022 3 1020 3 1023 3 1020 3 1024 3 1025 3 1023 3 1024 3 1025 3 1024 3 1026 3 1027 3 1025 3 1026 3 1028 2 1000 2 1001 2 1029 2 1028 2 1001 2 1027 3 1026 3 1028 3 1029 3 1027 3 1028 3 1031 1 1030 1 1003 1 1004 1 1031 1 1003 1 1030 3 1031 3 1021 3 1022 3 1030 3 1021 3 1078 1 1077 1 1076 1 1079 1 1078 1 1076 1 1079 1 1076 1 1084 1 1085 1 1079 1 1084 1 1086 0 1085 0 1084 0 1087 0 1086 0 1084 0 1077 1 1095 1 1094 1 1076 1 1077 1 1094 1 1096 4 1094 4 1095 4 1097 4 1096 4 1095 4 1076 1 1094 1 1104 1 1084 1 1076 1 1104 1 1087 0 1084 0 1104 0 1105 0 1087 0 1104 0 1105 4 1104 4 1094 4 1096 4 1105 4 1094 4 1110 1 1109 1 1077 1 1078 1 1110 1 1077 1 1109 3 1110 3 1111 3 1112 3 1109 3 1111 3 1109 1 1119 1 1095 1 1077 1 1109 1 1095 1 1119 3 1109 3 1112 3 1120 3 1119 3 1112 3 1097 4 1095 4 1119 4 1120 4 1097 4 1119 4 1124 1 1079 1 1085 1 1125 1 1124 1 1085 1 1126 0 1125 0 1085 0 1086 0 1126 0 1085 0 1124 5 1125 5 1126 5 1127 5 1124 5 1126 5 1134 1 1078 1 1079 1 1124 1 1134 1 1079 1 1134 5 1124 5 1127 5 1135 5 1134 5 1127 5 1139 1 1110 1 1078 1 1134 1 1139 1 1078 1 1110 3 1139 3 1140 3 1111 3 1110 3 1140 3 1139 5 1134 5 1135 5 1140 5 1139 5 1135 5 1310 2 1309 2 1308 2 1311 2 1310 2 1308 2 1307 3 1304 3 1310 3 1311 3 1307 3 1310 3 1314 1 1313 1 1312 1 1315 1 1314 1 1312 1 1313 3 1314 3 1305 3 1306 3 1313 3 1305 3 1309 2 1317 2 1316 2 1308 2 1309 2 1316 2 1315 1 1312 1 1318 1 1319 1 1315 1 1318 1 1317 2 1321 2 1320 2 1316 2 1317 2 1320 2 1319 1 1318 1 1322 1 1323 1 1319 1 1322 1 1356 2 1352 2 1321 2 1317 2 1356 2 1321 2 1357 5 1353 5 1352 5 1356 5 1357 5 1352 5 1358 5 1354 5 1353 5 1357 5 1358 5 1353 5 1359 1 1319 1 1323 1 1355 1 1359 1 1323 1 1359 5 1355 5 1354 5 1358 5 1359 5 1354 5 1316 2 1320 2 1368 2 1369 2 1316 2 1368 2 1368 4 1371 4 1370 4 1369 4 1368 4 1370 4 1371 4 1373 4 1372 4 1370 4 1371 4 1372 4 1318 1 1375 1 1374 1 1322 1 1318 1 1374 1 1373 4 1374 4 1375 4 1372 4 1373 4 1375 4 1390 1 1389 1 1388 1 1391 1 1390 1 1388 1 1389 3 1390 3 1385 3 1386 3 1389 3 1385 3 1394 2 1393 2 1392 2 1395 2 1394 2 1392 2 1387 3 1384 3 1394 3 1395 3 1387 3 1394 3 1391 1 1388 1 1396 1 1397 1 1391 1 1396 1 1393 2 1399 2 1398 2 1392 2 1393 2 1398 2 1397 1 1396 1 1400 1 1401 1 1397 1 1400 1 1399 2 1403 2 1402 2 1398 2 1399 2 1402 2 1401 1 1400 1 1404 1 1405 1 1401 1 1404 1 1403 2 1407 2 1406 2 1402 2 1403 2 1406 2 1405 1 1404 1 1412 1 1413 1 1405 1 1412 1 1409 0 1413 0 1412 0 1408 0 1409 0 1412 0 1407 2 1415 2 1414 2 1406 2 1407 2 1414 2 1415 0 1410 0 1411 0 1414 0 1415 0 1411 0 1522 2 1521 2 1520 2 1523 2 1522 2 1520 2 1519 3 1516 3 1522 3 1523 3 1519 3 1522 3 1526 1 1525 1 1524 1 1527 1 1526 1 1524 1 1525 3 1526 3 1517 3 1518 3 1525 3 1517 3 1521 2 1529 2 1528 2 1520 2 1521 2 1528 2 1527 1 1524 1 1530 1 1531 1 1527 1 1530 1 1529 2 1533 2 1532 2 1528 2 1529 2 1532 2 1531 1 1530 1 1534 1 1535 1 1531 1 1534 1 1533 2 1537 2 1536 2 1532 2 1533 2 1536 2 1535 1 1534 1 1538 1 1539 1 1535 1 1538 1 1537 2 1545 2 1544 2 1536 2 1537 2 1544 2 1545 0 1542 0 1543 0 1544 0 1545 0 1543 0 1539 1 1538 1 1546 1 1547 1 1539 1 1546 1 1541 0 1547 0 1546 0 1540 0 1541 0 1546 0 1602 1 1601 1 1600 1 1603 1 1602 1 1600 1 1601 3 1602 3 1597 3 1598 3 1601 3 1597 3 1606 2 1605 2 1604 2 1607 2 1606 2 1604 2 1599 3 1596 3 1606 3 1607 3 1599 3 1606 3 1603 1 1600 1 1608 1 1609 1 1603 1 1608 1 1605 2 1611 2 1610 2 1604 2 1605 2 1610 2 1609 1 1608 1 1612 1 1613 1 1609 1 1612 1 1611 2 1615 2 1614 2 1610 2 1611 2 1614 2 1648 1 1609 1 1613 1 1644 1 1648 1 1613 1 1648 5 1644 5 1645 5 1649 5 1648 5 1645 5 1649 5 1645 5 1646 5 1650 5 1649 5 1646 5 1651 2 1647 2 1615 2 1611 2 1651 2 1615 2 1650 5 1646 5 1647 5 1651 5 1650 5 1647 5 1608 1 1661 1 1660 1 1612 1 1608 1 1660 1 1662 4 1660 4 1661 4 1663 4 1662 4 1661 4 1664 4 1662 4 1663 4 1665 4 1664 4 1663 4 1610 2 1614 2 1666 2 1667 2 1610 2 1666 2 1666 4 1664 4 1665 4 1667 4 1666 4 1665 4 1746 0 1745 0 1744 0 1747 0 1746 0 1744 0 1745 0 1749 0 1748 0 1744 0 1745 0 1748 0 1750 0 1746 0 1747 0 1751 0 1750 0 1747 0 1749 0 1753 0 1752 0 1748 0 1749 0 1752 0 1754 0 1750 0 1751 0 1755 0 1754 0 1751 0 1756 0 1754 0 1755 0 1757 0 1756 0 1755 0 1753 0 1759 0 1758 0 1752 0 1753 0 1758 0 1762 1 1761 1 1760 1 1763 1 1762 1 1760 1 1759 0 1763 0 1760 0 1758 0 1759 0 1760 0 1766 2 1765 2 1764 2 1767 2 1766 2 1764 2 1765 0 1756 0 1757 0 1764 0 1765 0 1757 0 1747 0 1744 0 1768 0 1769 0 1747 0 1768 0 1744 0 1748 0 1770 0 1768 0 1744 0 1770 0 1751 0 1747 0 1769 0 1771 0 1751 0 1769 0 1748 0 1752 0 1772 0 1770 0 1748 0 1772 0 1755 0 1751 0 1771 0 1773 0 1755 0 1771 0 1757 0 1755 0 1773 0 1774 0 1757 0 1773 0 1752 0 1758 0 1775 0 1772 0 1752 0 1775 0 1761 1 1777 1 1776 1 1760 1 1761 1 1776 1 1758 0 1760 0 1776 0 1775 0 1758 0 1776 0 1775 4 1776 4 1777 4 1778 4 1775 4 1777 4 1767 2 1764 2 1779 2 1780 2 1767 2 1779 2 1764 0 1757 0 1774 0 1779 0 1764 0 1774 0 1779 4 1774 4 1781 4 1780 4 1779 4 1781 4 1783 0 1782 0 1746 0 1750 0 1783 0 1746 0 1785 0 1784 0 1749 0 1745 0 1785 0 1749 0 1782 0 1785 0 1745 0 1746 0 1782 0 1745 0 1784 0 1786 0 1753 0 1749 0 1784 0 1753 0 1787 0 1783 0 1750 0 1754 0 1787 0 1750 0 1788 0 1787 0 1754 0 1756 0 1788 0 1754 0 1786 0 1789 0 1759 0 1753 0 1786 0 1759 0 1790 1 1762 1 1763 1 1791 1 1790 1 1763 1 1789 0 1791 0 1763 0 1759 0 1789 0 1763 0 1790 5 1791 5 1789 5 1792 5 1790 5 1789 5 1794 2 1793 2 1765 2 1766 2 1794 2 1765 2 1793 0 1788 0 1756 0 1765 0 1793 0 1756 0 1795 5 1788 5 1793 5 1794 5 1795 5 1793 5 1797 0 1796 0 1786 0 1784 0 1797 0 1786 0 1798 5 1796 5 1797 5 1799 5 1798 5 1797 5 1801 0 1800 0 1783 0 1787 0 1801 0 1783 0 1802 5 1800 5 1801 5 1803 5 1802 5 1801 5 1805 2 1804 2 1788 2 1795 2 1805 2 1788 2 1804 0 1801 0 1787 0 1788 0 1804 0 1787 0 1803 5 1801 5 1804 5 1805 5 1803 5 1804 5 1806 1 1792 1 1789 1 1807 1 1806 1 1789 1 1796 0 1807 0 1789 0 1786 0 1796 0 1789 0 1806 5 1807 5 1796 5 1798 5 1806 5 1796 5 1808 0 1797 0 1784 0 1785 0 1808 0 1784 0 1800 0 1809 0 1782 0 1783 0 1800 0 1782 0 1809 0 1808 0 1785 0 1782 0 1809 0 1785 0 1781 2 1774 2 1810 2 1811 2 1781 2 1810 2 1774 0 1773 0 1812 0 1810 0 1774 0 1812 0 1810 4 1812 4 1813 4 1811 4 1810 4 1813 4 1778 1 1815 1 1814 1 1775 1 1778 1 1814 1 1772 0 1775 0 1814 0 1816 0 1772 0 1814 0 1816 4 1814 4 1815 4 1817 4 1816 4 1815 4 1773 0 1771 0 1818 0 1812 0 1773 0 1818 0 1770 0 1772 0 1816 0 1819 0 1770 0 1816 0 1771 0 1769 0 1820 0 1818 0 1771 0 1820 0 1768 0 1770 0 1819 0 1821 0 1768 0 1819 0 1769 0 1768 0 1821 0 1820 0 1769 0 1821 0 1813 2 1812 2 1822 2 1823 2 1813 2 1822 2 1812 0 1818 0 1824 0 1822 0 1812 0 1824 0 1817 1 1826 1 1825 1 1816 1 1817 1 1825 1 1819 0 1816 0 1825 0 1827 0 1819 0 1825 0 1818 0 1820 0 1828 0 1824 0 1818 0 1828 0 1821 0 1819 0 1827 0 1829 0 1821 0 1827 0 1820 0 1821 0 1829 0 1828 0 1820 0 1829 0 1823 2 1822 2 1830 2 1831 2 1823 2 1830 2 1822 0 1824 0 1832 0 1830 0 1822 0 1832 0 1834 3 1833 3 1823 3 1831 3 1834 3 1823 3 1830 4 1832 4 1834 4 1831 4 1830 4 1834 4 1826 1 1836 1 1835 1 1825 1 1826 1 1835 1 1827 0 1825 0 1835 0 1837 0 1827 0 1835 0 1836 3 1826 3 1838 3 1839 3 1836 3 1838 3 1837 4 1835 4 1836 4 1839 4 1837 4 1836 4 1824 0 1828 0 1840 0 1832 0 1824 0 1840 0 1842 3 1841 3 1833 3 1834 3 1842 3 1833 3 1829 0 1827 0 1837 0 1843 0 1829 0 1837 0 1839 3 1838 3 1844 3 1845 3 1839 3 1844 3 1828 0 1829 0 1843 0 1840 0 1828 0 1843 0 1845 3 1844 3 1841 3 1842 3 1845 3 1841 3 1834 2 1832 2 1846 2 1847 2 1834 2 1846 2 1832 0 1840 0 1848 0 1846 0 1832 0 1848 0 1849 3 1842 3 1834 3 1847 3 1849 3 1834 3 1846 4 1848 4 1849 4 1847 4 1846 4 1849 4 1839 1 1851 1 1850 1 1837 1 1839 1 1850 1 1843 0 1837 0 1850 0 1852 0 1843 0 1850 0 1851 3 1839 3 1845 3 1853 3 1851 3 1845 3 1852 4 1850 4 1851 4 1853 4 1852 4 1851 4 1840 0 1843 0 1852 0 1848 0 1840 0 1852 0 1853 3 1845 3 1842 3 1849 3 1853 3 1842 3 1848 4 1852 4 1853 4 1849 4 1848 4 1853 4 1855 1 1854 1 1762 1 1790 1 1855 1 1762 1 1854 3 1855 3 1856 3 1857 3 1854 3 1856 3 1855 5 1790 5 1792 5 1856 5 1855 5 1792 5 1858 2 1794 2 1766 2 1859 2 1858 2 1766 2 1861 3 1860 3 1858 3 1859 3 1861 3 1858 3 1860 5 1795 5 1794 5 1858 5 1860 5 1794 5 1862 1 1799 1 1797 1 1863 1 1862 1 1797 1 1864 0 1863 0 1797 0 1808 0 1864 0 1797 0 1862 5 1863 5 1864 5 1865 5 1862 5 1864 5 1867 2 1866 2 1800 2 1802 2 1867 2 1800 2 1866 0 1868 0 1809 0 1800 0 1866 0 1809 0 1869 5 1868 5 1866 5 1867 5 1869 5 1866 5 1868 0 1864 0 1808 0 1809 0 1868 0 1808 0 1865 5 1864 5 1868 5 1869 5 1865 5 1868 5 1870 5 1802 5 1803 5 1871 5 1870 5 1803 5 1872 5 1798 5 1799 5 1873 5 1872 5 1799 5 1874 2 1805 2 1795 2 1860 2 1874 2 1795 2 1875 3 1871 3 1874 3 1860 3 1875 3 1874 3 1871 5 1803 5 1805 5 1874 5 1871 5 1805 5 1876 1 1856 1 1792 1 1806 1 1876 1 1792 1 1856 3 1876 3 1872 3 1877 3 1856 3 1872 3 1876 5 1806 5 1798 5 1872 5 1876 5 1798 5 1878 2 1867 2 1802 2 1870 2 1878 2 1802 2 1880 3 1879 3 1878 3 1870 3 1880 3 1878 3 1879 5 1869 5 1867 5 1878 5 1879 5 1867 5 1882 3 1881 3 1879 3 1880 3 1882 3 1879 3 1881 5 1865 5 1869 5 1879 5 1881 5 1869 5 1883 1 1873 1 1799 1 1862 1 1883 1 1799 1 1873 3 1883 3 1881 3 1882 3 1873 3 1881 3 1883 5 1862 5 1865 5 1881 5 1883 5 1865 5 1885 1 1884 1 1777 1 1761 1 1885 1 1777 1 1884 3 1885 3 1886 3 1887 3 1884 3 1886 3 1778 4 1777 4 1884 4 1887 4 1778 4 1884 4 1888 2 1767 2 1780 2 1889 2 1888 2 1780 2 1891 3 1890 3 1888 3 1889 3 1891 3 1888 3 1780 4 1781 4 1891 4 1889 4 1780 4 1891 4 1854 1 1885 1 1761 1 1762 1 1854 1 1761 1 1885 3 1854 3 1857 3 1886 3 1885 3 1857 3 1859 2 1766 2 1767 2 1888 2 1859 2 1767 2 1890 3 1861 3 1859 3 1888 3 1890 3 1859 3 1887 1 1892 1 1815 1 1778 1 1887 1 1815 1 1817 4 1815 4 1892 4 1893 4 1817 4 1892 4 1891 2 1781 2 1811 2 1894 2 1891 2 1811 2 1811 4 1813 4 1895 4 1894 4 1811 4 1895 4 1898 3 1897 3 1896 3 1899 3 1898 3 1896 3 1897 5 1880 5 1870 5 1896 5 1897 5 1870 5 1902 3 1901 3 1900 3 1903 3 1902 3 1900 3 1901 5 1873 5 1882 5 1900 5 1901 5 1882 5 1904 2 1871 2 1875 2 1905 2 1904 2 1875 2 1899 3 1896 3 1904 3 1905 3 1899 3 1904 3 1896 5 1870 5 1871 5 1904 5 1896 5 1871 5 1907 1 1906 1 1877 1 1872 1 1907 1 1877 1 1906 3 1907 3 1901 3 1902 3 1906 3 1901 3 1907 5 1872 5 1873 5 1901 5 1907 5 1873 5 1903 3 1900 3 1897 3 1898 3 1903 3 1897 3 1900 5 1882 5 1880 5 1897 5 1900 5 1880 5 1908 2 1860 2 1861 2 1909 2 1908 2 1861 2 1910 3 1905 3 1908 3 1909 3 1910 3 1908 3 1905 5 1875 5 1860 5 1908 5 1905 5 1860 5 1912 1 1911 1 1857 1 1856 1 1912 1 1857 1 1911 3 1912 3 1906 3 1913 3 1911 3 1906 3 1912 5 1856 5 1877 5 1906 5 1912 5 1877 5 1909 2 1861 2 1890 2 1914 2 1909 2 1890 2 1915 3 1910 3 1909 3 1914 3 1915 3 1909 3 1911 1 1916 1 1886 1 1857 1 1911 1 1886 1 1916 3 1911 3 1913 3 1917 3 1916 3 1913 3 1914 2 1890 2 1891 2 1918 2 1914 2 1891 2 1919 3 1915 3 1914 3 1918 3 1919 3 1914 3 1916 1 1920 1 1887 1 1886 1 1916 1 1887 1 1920 3 1916 3 1917 3 1921 3 1920 3 1917 3 1923 3 1922 3 1919 3 1924 3 1923 3 1919 3 1926 3 1921 3 1925 3 1927 3 1926 3 1925 3 1920 1 1928 1 1892 1 1887 1 1920 1 1892 1 1928 3 1920 3 1921 3 1926 3 1928 3 1921 3 1893 4 1892 4 1928 4 1926 4 1893 4 1928 4 1918 2 1891 2 1894 2 1929 2 1918 2 1894 2 1924 3 1919 3 1918 3 1929 3 1924 3 1918 3 1894 4 1895 4 1924 4 1929 4 1894 4 1924 4 1930 2 1910 2 1915 2 1931 2 1930 2 1915 2 1933 3 1932 3 1930 3 1931 3 1933 3 1930 3 1935 1 1934 1 1917 1 1913 1 1935 1 1917 1 1934 3 1935 3 1936 3 1937 3 1934 3 1936 3 1939 3 1938 3 1932 3 1933 3 1939 3 1932 3 1937 3 1936 3 1940 3 1941 3 1937 3 1940 3 1941 3 1940 3 1938 3 1939 3 1941 3 1938 3 1942 2 1905 2 1910 2 1930 2 1942 2 1910 2 1932 3 1943 3 1942 3 1930 3 1932 3 1942 3 1943 5 1899 5 1905 5 1942 5 1943 5 1905 5 1944 1 1935 1 1913 1 1906 1 1944 1 1913 1 1935 3 1944 3 1945 3 1936 3 1935 3 1945 3 1944 5 1906 5 1902 5 1945 5 1944 5 1902 5 1938 3 1946 3 1943 3 1932 3 1938 3 1943 3 1946 5 1898 5 1899 5 1943 5 1946 5 1899 5 1936 3 1945 3 1947 3 1940 3 1936 3 1947 3 1945 5 1902 5 1903 5 1947 5 1945 5 1903 5 1940 3 1947 3 1946 3 1938 3 1940 3 1946 3 1947 5 1903 5 1898 5 1946 5 1947 5 1898 5 1948 3 1939 3 1933 3 1949 3 1948 3 1933 3 1950 3 1937 3 1941 3 1951 3 1950 3 1941 3 1934 1 1952 1 1921 1 1917 1 1934 1 1921 1 1952 3 1934 3 1937 3 1950 3 1952 3 1937 3 1925 4 1921 4 1952 4 1950 4 1925 4 1952 4 1931 2 1915 2 1919 2 1953 2 1931 2 1919 2 1949 3 1933 3 1931 3 1953 3 1949 3 1931 3 1919 4 1922 4 1949 4 1953 4 1919 4 1949 4 1951 3 1941 3 1939 3 1948 3 1951 3 1939 3 1833 4 1841 4 1954 4 1955 4 1833 4 1954 4 1844 4 1838 4 1956 4 1957 4 1844 4 1956 4 1895 2 1813 2 1823 2 1958 2 1895 2 1823 2 1823 4 1833 4 1955 4 1958 4 1823 4 1955 4 1893 1 1959 1 1826 1 1817 1 1893 1 1826 1 1838 4 1826 4 1959 4 1956 4 1838 4 1959 4 1961 3 1960 3 1923 3 1962 3 1961 3 1923 3 1955 4 1954 4 1961 4 1962 4 1955 4 1961 4 1964 3 1927 3 1963 3 1965 3 1964 3 1963 3 1957 4 1956 4 1964 4 1965 4 1957 4 1964 4 1965 3 1963 3 1960 3 1961 3 1965 3 1960 3 1954 4 1957 4 1965 4 1961 4 1954 4 1965 4 1924 2 1895 2 1958 2 1966 2 1924 2 1958 2 1962 3 1923 3 1924 3 1966 3 1962 3 1924 3 1958 4 1955 4 1962 4 1966 4 1958 4 1962 4 1926 1 1967 1 1959 1 1893 1 1926 1 1959 1 1967 3 1926 3 1927 3 1964 3 1967 3 1927 3 1956 4 1959 4 1967 4 1964 4 1956 4 1967 4 1949 2 1922 2 1923 2 1968 2 1949 2 1923 2 1969 3 1948 3 1949 3 1968 3 1969 3 1949 3 1923 4 1960 4 1969 4 1968 4 1923 4 1969 4 1950 1 1970 1 1927 1 1925 1 1950 1 1927 1 1970 3 1950 3 1951 3 1971 3 1970 3 1951 3 1963 4 1927 4 1970 4 1971 4 1963 4 1970 4 1971 3 1951 3 1948 3 1969 3 1971 3 1948 3 1960 4 1963 4 1971 4 1969 4 1960 4 1971 4 </p>
<vcount>3 3 3 3 3 3 3 3 3 3 3 3 3 3 3 3 3 3 3 3 3 3 3 3 3 3 3 3 3 3 3 3 3 3 3 3 3 3 3 3 3 3 3 3 3 3 3 3 3 3 3 3 3 3 3 3 3 3 3 3 3 3 3 3 3 3 3 3 3 3 3 3 3 3 3 3 3 3 3 3 3 3 3 3 3 3 3 3 3 3 3 3 3 3 3 3 3 3 3 3 3 3 3 3 3 3 3 3 3 3 3 3 3 3 3 3 3 3 3 3 3 3 3 3 3 3 3 3 3 3 3 3 3 3 3 3 3 3 3 3 3 3 3 3 3 3 3 3 3 3 3 3 3 3 3 3 3 3 3 3 3 3 3 3 3 3 3 3 3 3 3 3 3 3 3 3 3 3 3 3 3 3 3 3 3 3 3 3 3 3 3 3 3 3 3 3 3 3 3 3 3 3 3 3 3 3 3 3 3 3 3 3 3 3 3 3 3 3 3 3 3 3 3 3 3 3 3 3 3 3 3 3 3 3 3 3 3 3 3 3 3 3 3 3 3 3 3 3 3 3 3 3 3 3 3 3 3 3 3 3 3 3 3 3 3 3 3 3 3 3 3 3 3 3 3 3 3 3 3 3 3 3 3 3 3 3 3 3 3 3 3 3 3 3 3 3 3 3 3 3 3 3 3 3 3 3 3 3 3 3 3 3 3 3 3 3 3 3 3 3 3 3 3 3 3 3 3 3 3 3 3 3 3 3 3 3 3 3 3 3 3 3 3 3 3 3 3 3 3 3 3 3 3 3 3 3 3 3 3 3 3 3 3 3 3 3 3 3 3 3 3 3 3 3 3 3 3 3 3 3 3 3 3 3 3 3 3 3 3 3 3 3 3 3 3 3 3 3 3 3 3 3 3 3 3 3 3 3 3 3 3 3 3 3 3 3 3 3 3 3 3 3 3 3 3 3 3 3 3 3 3 3 3 3 3 3 3 3 3 3 3 3 3 3 3 3 3 3 3 3 3 3 3 3 3 3 3 3 3 3 3 3 3 3 3 3 3 3 3 3 3 3 3 3 3 3 3 3 3 3 3 3 3 3 3 3 3 3 3 3 3 3 3 3 3 3 3 3 3 3 3 3 3 3 3 3 3 3 3 3 3 3 3 3 3 3 3 3 3 3 3 3 3 3 3 3 3 3 3 3 3 3 3 3 3 3 3 3 3 3 3 3 3 3 3 3 3 3 3 3 3 3 3 3 3 3 3 3 3 3 3 3 3 3 3 3 3 3 3 3 3 3 3 3 3 3 3 3 3 3 3 3 3 3 3 3 3 3 3 3 3 3 3 3 3 3 3 3 3 3 3 3 3 3 3 3 3 3 3 3 3 3 3 3 3 3 3 3 3 3 3 3 3 3 3 3 3 3 3 3 3 3 3 3 3 3 3 3 3 3 3 3 3 3 3 3 3 3 3 3 3 3 3 3 3 3 3 3 3 3 3 3 3 3 3 3 3 3 3 3 3 3 3 3 3 3 3 3 3 3 3 3 3 3 3 3 3 3 3 3 3 3 3 3 3 3 3 3 3 3 3 3 3 3 3 3 3 3 3 3 3 3 3 3 3 3 3 3 3 3 3 3 3 3 3 3 3 3 3 3 3 3 3 3 3 3 3 3 3 3 3 3 3 3 3 3 3 3 3 3 3 3 3 3 3 3 3 3 3 3 3 3 3 3 3 3 3 3 3 3 3 3 3 3 3 3 3 3 3 3 3 3 3 3 3 3 3 3 3 3 3 3 3 3 3 3 3 3 3 3 3 3 3 3 3 3 3 3 3 3 3 3 3 3 3 3 3 3 3 3 3 3 3 3 3 3 3 3 3 3 3 3 3 3 3 3 3 3 3 3 3 3 3 3 3 3 3 3 3 3 3 3 3 3 3 3 3 3 3 3 3 3 3 3 3 3 3 3 3 3 3 3 3 3 3 3 3 3 3 3 3 3 3 3 3 3 3 3 3 3 3 3 3 3 3 3 3 3 3 3 3 3 3 3 3 3 3 3 3 3 3 3 3 3 3 3 3 3 3 3 3 3 3 3 3 3 3 3 3 3 3 3 3 3 3 3 3 3 3 3 3 3 3 3 3 3 3 3 3 3 3 3 3 3 3 3 3 3 3 3 3 3 3 3 3 3 3 3 3 3 3 3 3 3 3 3 3 3 3 3 3 3 3 3 3 3 3 3 3 3 3 3 3 3 3 3 3 3 3 3 3 3 3 3 3 3 3 3 3 3 3 3 3 3 3 3 3 3 3 3 3 3 3 3 3 3 3 3 3 3 3 3 3 3 3 3 3 3 3 3 3 3 3 3 3 3 3 3 3 3 3 3 3 3 3 3 3 3 3 3 3 3 3 3 3 3 3 3 3 3 3 3 3 3 3 3 3 3 3 3 3 3 3 3 3 3 3 3 3 3 3 3 3 3 3 3 3 3 3 3 3 3 3 3 3 3 3 3 3 3 3 3 3 3 3 3 3 3 3 3 3 3 3 3 3 3 3 3 3 3 3 3 3 3 3 3 3 3 3 3 3 3 3 3 3 3 3 3 3 3 3 3 3 3 3 3 3 3 3 3 3 3 3 3 3 3 3 3 3 3 3 3 3 3 3 3 3 3 3 3 3 3 3 3 3 3 3 3 3 3 3 3 3 3 3 3 3 3 3 3 3 3 3 3 3 3 3 3 3 3 3 3 3 3 3 3 3 3 3 3 3 3 3 3 3 3 3 3 3 3 3 3 3 3 3 3 3 3 3 3 3 3 3 3 3 3 3 3 </vcount>
</polylist>
</mesh>
</geometry>
</library_geometries>
<library_controllers>
<controller id="Armature_Voxel_0-skin" name="Armature_0">
<skin source="#Voxel_0-mesh">
<bind_shape_matrix>1 0 0 0 0 1 0 0 0 0 1 0 0 0 0 1</bind_shape_matrix>
<source id="Armature_Voxel_0-skin-joints">
<Name_array id="Armature_Voxel_0-skin-joints-array" count="23">Bone_000 Bone_001 Bone_002 Bone_003 Bone_004 Bone_005 Bone_006 Bone_007 Bone_008 Bone_009 Bone_010 Bone_011 Bone_012 Bone_013 Bone_014 Bone_015 Bone_016 Bone_017 Bone_018 Bone_019 Bone_020 Bone_021 Bone_022 </Name_array>
<technique_common>
<accessor source="#Armature_Voxel_0-skin-joints-array" count="23" stride="1">
<param name="JOINT" type="name"/>
</accessor>
</technique_common>
</source>
<source id="Armature_Voxel_0-skin-bind_poses">
<float_array id="Armature_Voxel_0-skin-bind_poses-array" count="368">1 0 0 0 0 1 0 0 0 0 1 -0.75 0 0 0 1 1 0 0 0 0 1 0 0 0 0 1 -0.87 0 0 0 1 1 0 0 0 0 1 0 0 0 0 1 -0.99 0 0 0 1 1 0 0 0 0 1 0 0 0 0 1 -1.11 0 0 0 1 1 0 0 0 0 1 0 0 0 0 1 -1.23 0 0 0 1 1 0 0 0 0 1 0 0 0 0 1 -1.35 0 0 0 1 1 0 0 -0.18 0 1 0 0 0 0 1 -1.11 0 0 0 1 1 0 0 -0.24 0 1 0 0 0 0 1 -1.11 0 0 0 1 1 0 0 -0.48 0 1 0 0 0 0 1 -1.11 0 0 0 1 1 0 0 -0.72 0 1 0 0 0 0 1 -1.11 0 0 0 1 1 0 0 0.18 0 1 0 0 0 0 1 -1.11 0 0 0 1 1 0 0 0.24 0 1 0 0 0 0 1 -1.11 0 0 0 1 1 0 0 0.48 0 1 0 0 0 0 1 -1.11 0 0 0 1 1 0 0 0.72 0 1 0 0 0 0 1 -1.11 0 0 0 1 1 0 0 -0.12 0 1 0 0 0 0 1 -0.6900001 0 0 0 1 1 0 0 -0.12 0 1 0 0 0 0 1 -0.39 0 0 0 1 1 0 0 -0.12 0 1 0 0 0 0 1 -0.09 0 0 0 1 1 0 0 0.12 0 1 0 0 0 0 1 -0.6900001 0 0 0 1 1 0 0 0.12 0 1 0 0 0 0 1 -0.39 0 0 0 1 1 0 0 0.12 0 1 0 0 0 0 1 -0.09 0 0 0 1 1 0 0 -0.78 0 1 0 0 0 0 1 -1.11 0 0 0 1 1 0 0 0.78 0 1 0 0 0 0 1 -1.11 0 0 0 1 1 0 0 0 0 1 0 0 0 0 1 -1.51843 0 0 0 1 </float_array>
<technique_common>
<accessor source="#Armature_Voxel_0-skin-bind_poses-array" count="23" stride="16">
<param name="TRANSFORM" type="float4x4"/>
</accessor>
</technique_common>
</source>
<source id="Armature_Voxel_0-skin-weights">
<float_array id="Armature_Voxel_0-skin-weights-array" count="1972">1 1 1 1 1 1 1 1 1 1 1 1 1 1 1 1 1 1 1 1 1 1 1 1 1 1 1 1 1 1 1 1 1 1 1 1 1 1 1 1 1 1 1 1 1 1 1 1 1 1 1 1 1 1 1 1 1 1 1 1 1 1 1 1 1 1 1 1 1 1 1 1 1 1 1 1 1 1 1 1 1 1 1 1 1 1 1 1 1 1 1 1 1 1 1 1 1 1 1 1 1 1 1 1 1 1 1 1 1 1 1 1 1 1 1 1 1 1 1 1 1 1 1 1 1 1 1 1 1 1 1 1 1 1 1 1 1 1 1 1 1 1 1 1 1 1 1 1 1 1 1 1 1 1 1 1 1 1 1 1 1 1 1 1 1 1 1 1 1 1 1 1 1 1 1 1 1 1 1 1 1 1 1 1 1 1 1 1 1 1 1 1 1 1 1 1 1 1 1 1 1 1 1 1 1 1 1 1 1 1 1 1 1 1 1 1 1 1 1 1 1 1 1 1 1 1 1 1 1 1 1 1 1 1 1 1 1 1 1 1 1 1 1 1 1 1 1 1 1 1 1 1 1 1 1 1 1 1 1 1 1 1 1 1 1 1 1 1 1 1 1 1 1 1 1 1 1 1 1 1 1 1 1 1 1 1 1 1 1 1 1 1 1 1 1 1 1 1 1 1 1 1 1 1 1 1 1 1 1 1 1 1 1 1 1 1 1 1 1 1 1 1 1 1 1 1 1 1 1 1 1 1 1 1 1 1 1 1 1 1 1 1 1 1 1 1 1 1 1 1 1 1 1 1 1 1 1 1 1 1 1 1 1 1 1 1 1 1 1 1 1 1 1 1 1 1 1 1 1 1 1 1 1 1 1 1 1 1 1 1 1 1 1 1 1 1 1 1 1 1 1 1 1 1 1 1 1 1 1 1 1 1 1 1 1 1 1 1 1 1 1 1 1 1 1 1 1 1 1 1 1 1 1 1 1 1 1 1 1 1 1 1 1 1 1 1 1 1 1 1 1 1 1 1 1 1 1 1 1 1 1 1 1 1 1 1 1 1 1 1 1 1 1 1 1 1 1 1 1 1 1 1 1 1 1 1 1 1 1 1 1 1 1 1 1 1 1 1 1 1 1 1 1 1 1 1 1 1 1 1 1 1 1 1 1 1 1 1 1 1 1 1 1 1 1 1 1 1 1 1 1 1 1 1 1 1 1 1 1 1 1 1 1 1 1 1 1 1 1 1 1 1 1 1 1 1 1 1 1 1 1 1 1 1 1 1 1 1 1 1 1 1 1 1 1 1 1 1 1 1 1 1 1 1 1 1 1 1 1 1 1 1 1 1 1 1 1 1 1 1 1 1 1 1 1 1 1 1 1 1 1 1 1 1 1 1 1 1 1 1 1 1 1 1 1 1 1 1 1 1 1 1 1 1 1 1 1 1 1 1 1 1 1 1 1 1 1 1 1 1 1 1 1 1 1 1 1 1 1 1 1 1 1 1 1 1 1 1 1 1 1 1 1 1 1 1 1 1 1 1 1 1 1 1 1 1 1 1 1 1 1 1 1 1 1 1 1 1 1 1 1 1 1 1 1 1 1 1 1 1 1 1 1 1 1 1 1 1 1 1 1 1 1 1 1 1 1 1 1 1 1 1 1 1 1 1 1 1 1 1 1 1 1 1 1 1 1 1 1 1 1 1 1 1 1 1 1 1 1 1 1 1 1 1 1 1 1 1 1 1 1 1 1 1 1 1 1 1 1 1 1 1 1 1 1 1 1 1 1 1 1 1 1 1 1 1 1 1 1 1 1 1 1 1 1 1 1 1 1 1 1 1 1 1 1 1 1 1 1 1 1 1 1 1 1 1 1 1 1 1 1 1 1 1 1 1 1 1 1 1 1 1 1 1 1 1 1 1 1 1 1 1 1 1 1 1 1 1 1 1 1 1 1 1 1 1 1 1 1 1 1 1 1 1 1 1 1 1 1 1 1 1 1 1 1 1 1 1 1 1 1 1 1 1 1 1 1 1 1 1 1 1 1 1 1 1 1 1 1 1 1 1 1 1 1 1 1 1 1 1 1 1 1 1 1 1 1 1 1 1 1 1 1 1 1 1 1 1 1 1 1 1 1 1 1 1 1 1 1 1 1 1 1 1 1 1 1 1 1 1 1 1 1 1 1 1 1 1 1 1 1 1 1 1 1 1 1 1 1 1 1 1 1 1 1 1 1 1 1 1 1 1 1 1 1 1 1 1 1 1 1 1 1 1 1 1 1 1 1 1 1 1 1 1 1 1 1 1 1 1 1 1 1 1 1 1 1 1 1 1 1 1 1 1 1 1 1 1 1 1 1 1 1 1 1 1 1 1 1 1 1 1 1 1 1 1 1 1 1 1 1 1 1 1 1 1 1 1 1 1 1 1 1 1 1 1 1 1 1 1 1 1 1 1 1 1 1 1 1 1 1 1 1 1 1 1 1 1 1 1 1 1 1 1 1 1 1 1 1 1 1 1 1 1 1 1 1 1 1 1 1 1 1 1 1 1 1 1 1 1 1 1 1 1 1 1 1 1 1 1 1 1 1 1 1 1 1 1 1 1 1 1 1 1 1 1 1 1 1 1 1 1 1 1 1 1 1 1 1 1 1 1 1 1 1 1 1 1 1 1 1 1 1 1 1 1 1 1 1 1 1 1 1 1 1 1 1 1 1 1 1 1 1 1 1 1 1 1 1 1 1 1 1 1 1 1 1 1 1 1 1 1 1 1 1 1 1 1 1 1 1 1 1 1 1 1 1 1 1 1 1 1 1 1 1 1 1 1 1 1 1 1 1 1 1 1 1 1 1 1 1 1 1 1 1 1 1 1 1 1 1 1 1 1 1 1 1 1 1 1 1 1 1 1 1 1 1 1 1 1 1 1 1 1 1 1 1 1 1 1 1 1 1 1 1 1 1 1 1 1 1 1 1 1 1 1 1 1 1 1 1 1 1 1 1 1 1 1 1 1 1 1 1 1 1 1 1 1 1 1 1 1 1 1 1 1 1 1 1 1 1 1 1 1 1 1 1 1 1 1 1 1 1 1 1 1 1 1 1 1 1 1 1 1 1 1 1 1 1 1 1 1 1 1 1 1 1 1 1 1 1 1 1 1 1 1 1 1 1 1 1 1 1 1 1 1 1 1 1 1 1 1 1 1 1 1 1 1 1 1 1 1 1 1 1 1 1 1 1 1 1 1 1 1 1 1 1 1 1 1 1 1 1 1 1 1 1 1 1 1 1 1 1 1 1 1 1 1 1 1 1 1 1 1 1 1 1 1 1 1 1 1 1 1 1 1 1 1 1 1 1 1 1 1 1 1 1 1 1 1 1 1 1 1 1 1 1 1 1 1 1 1 1 1 1 1 1 1 1 1 1 1 1 1 1 1 1 1 1 1 1 1 1 1 1 1 1 1 1 1 1 1 1 1 1 1 1 1 1 1 1 1 1 1 1 1 1 1 1 1 1 1 1 1 1 1 1 1 1 1 1 1 1 1 1 1 1 1 1 1 1 1 1 1 1 1 1 1 1 1 1 1 1 1 1 1 1 1 1 1 1 1 1 1 1 1 1 1 1 1 1 1 1 1 1 1 1 1 1 1 1 1 1 1 1 1 1 1 1 1 1 1 1 1 1 1 1 1 1 1 1 1 1 1 1 1 1 1 1 1 1 1 1 1 1 1 1 1 1 1 1 1 1 1 1 1 1 1 1 1 1 1 1 1 1 1 1 1 1 1 1 1 1 1 1 1 1 1 1 1 1 1 1 1 1 1 1 1 1 1 1 1 1 1 1 1 1 1 1 1 1 1 1 1 1 1 1 1 1 1 1 1 1 1 1 1 1 1 1 1 1 1 1 1 1 1 1 1 1 1 1 1 1 1 1 1 1 1 1 1 1 1 1 1 1 1 1 1 1 1 1 1 1 1 1 1 1 1 1 1 1 1 1 1 1 1 1 1 1 1 1 1 1 1 1 1 1 1 1 1 1 1 1 1 1 1 1 1 1 1 1 1 1 1 1 1 1 1 1 1 1 1 1 1 1 1 1 1 1 1 1 1 1 1 1 1 1 1 1 1 1 1 1 1 1 1 1 1 1 1 1 1 1 1 1 1 1 1 1 1 1 1 1 1 1 1 1 1 1 1 1 1 1 1 1 1 1 1 1 1 1 1 1 1 1 1 1 1 1 1 1 1 1 1 1 1 1 1 1 1 1 1 1 1 1 1 1 1 1 1 1 1 1 1 1 1 1 1 1 1 1 1 1 1 1 1 1 1 1 1 1 1 1 1 1 1 1 1 1 1 1 1 1 1 1 1 1 1 1 1 1 1 1 1 1 1 1 1 1 1 1 1 1 1 1 1 1 1 1 1 1 1 1 1 1 1 1 1 1 1 1 1 1 1 1 1 1 1 1 1 1 1 </float_array><technique_common>
<accessor source="#Armature_Voxel_0-skin-weights-array" count="1972" stride="1">
<param name="WEIGHT" type="float"/>
</accessor>
</technique_common>
</source>
<joints>
<input semantic="JOINT" source="#Armature_Voxel_0-skin-joints"/>
<input semantic="INV_BIND_MATRIX" source="#Armature_Voxel_0-skin-bind_poses"/>
</joints>
<vertex_weights count="1972">
<input semantic="JOINT" source="#Armature_Voxel_0-skin-joints" offset="0"/>
<input semantic="WEIGHT" source="#Armature_Voxel_0-skin-weights" offset="1"/>
<vcount>1 1 1 1 1 1 1 1 1 1 1 1 1 1 1 1 1 1 1 1 1 1 1 1 1 1 1 1 1 1 1 1 1 1 1 1 1 1 1 1 1 1 1 1 1 1 1 1 1 1 1 1 1 1 1 1 1 1 1 1 1 1 1 1 1 1 1 1 1 1 1 1 1 1 1 1 1 1 1 1 1 1 1 1 1 1 1 1 1 1 1 1 1 1 1 1 1 1 1 1 1 1 1 1 1 1 1 1 1 1 1 1 1 1 1 1 1 1 1 1 1 1 1 1 1 1 1 1 1 1 1 1 1 1 1 1 1 1 1 1 1 1 1 1 1 1 1 1 1 1 1 1 1 1 1 1 1 1 1 1 1 1 1 1 1 1 1 1 1 1 1 1 1 1 1 1 1 1 1 1 1 1 1 1 1 1 1 1 1 1 1 1 1 1 1 1 1 1 1 1 1 1 1 1 1 1 1 1 1 1 1 1 1 1 1 1 1 1 1 1 1 1 1 1 1 1 1 1 1 1 1 1 1 1 1 1 1 1 1 1 1 1 1 1 1 1 1 1 1 1 1 1 1 1 1 1 1 1 1 1 1 1 1 1 1 1 1 1 1 1 1 1 1 1 1 1 1 1 1 1 1 1 1 1 1 1 1 1 1 1 1 1 1 1 1 1 1 1 1 1 1 1 1 1 1 1 1 1 1 1 1 1 1 1 1 1 1 1 1 1 1 1 1 1 1 1 1 1 1 1 1 1 1 1 1 1 1 1 1 1 1 1 1 1 1 1 1 1 1 1 1 1 1 1 1 1 1 1 1 1 1 1 1 1 1 1 1 1 1 1 1 1 1 1 1 1 1 1 1 1 1 1 1 1 1 1 1 1 1 1 1 1 1 1 1 1 1 1 1 1 1 1 1 1 1 1 1 1 1 1 1 1 1 1 1 1 1 1 1 1 1 1 1 1 1 1 1 1 1 1 1 1 1 1 1 1 1 1 1 1 1 1 1 1 1 1 1 1 1 1 1 1 1 1 1 1 1 1 1 1 1 1 1 1 1 1 1 1 1 1 1 1 1 1 1 1 1 1 1 1 1 1 1 1 1 1 1 1 1 1 1 1 1 1 1 1 1 1 1 1 1 1 1 1 1 1 1 1 1 1 1 1 1 1 1 1 1 1 1 1 1 1 1 1 1 1 1 1 1 1 1 1 1 1 1 1 1 1 1 1 1 1 1 1 1 1 1 1 1 1 1 1 1 1 1 1 1 1 1 1 1 1 1 1 1 1 1 1 1 1 1 1 1 1 1 1 1 1 1 1 1 1 1 1 1 1 1 1 1 1 1 1 1 1 1 1 1 1 1 1 1 1 1 1 1 1 1 1 1 1 1 1 1 1 1 1 1 1 1 1 1 1 1 1 1 1 1 1 1 1 1 1 1 1 1 1 1 1 1 1 1 1 1 1 1 1 1 1 1 1 1 1 1 1 1 1 1 1 1 1 1 1 1 1 1 1 1 1 1 1 1 1 1 1 1 1 1 1 1 1 1 1 1 1 1 1 1 1 1 1 1 1 1 1 1 1 1 1 1 1 1 1 1 1 1 1 1 1 1 1 1 1 1 1 1 1 1 1 1 1 1 1 1 1 1 1 1 1 1 1 1 1 1 1 1 1 1 1 1 1 1 1 1 1 1 1 1 1 1 1 1 1 1 1 1 1 1 1 1 1 1 1 1 1 1 1 1 1 1 1 1 1 1 1 1 1 1 1 1 1 1 1 1 1 1 1 1 1 1 1 1 1 1 1 1 1 1 1 1 1 1 1 1 1 1 1 1 1 1 1 1 1 1 1 1 1 1 1 1 1 1 1 1 1 1 1 1 1 1 1 1 1 1 1 1 1 1 1 1 1 1 1 1 1 1 1 1 1 1 1 1 1 1 1 1 1 1 1 1 1 1 1 1 1 1 1 1 1 1 1 1 1 1 1 1 1 1 1 1 1 1 1 1 1 1 1 1 1 1 1 1 1 1 1 1 1 1 1 1 1 1 1 1 1 1 1 1 1 1 1 1 1 1 1 1 1 1 1 1 1 1 1 1 1 1 1 1 1 1 1 1 1 1 1 1 1 1 1 1 1 1 1 1 1 1 1 1 1 1 1 1 1 1 1 1 1 1 1 1 1 1 1 1 1 1 1 1 1 1 1 1 1 1 1 1 1 1 1 1 1 1 1 1 1 1 1 1 1 1 1 1 1 1 1 1 1 1 1 1 1 1 1 1 1 1 1 1 1 1 1 1 1 1 1 1 1 1 1 1 1 1 1 1 1 1 1 1 1 1 1 1 1 1 1 1 1 1 1 1 1 1 1 1 1 1 1 1 1 1 1 1 1 1 1 1 1 1 1 1 1 1 1 1 1 1 1 1 1 1 1 1 1 1 1 1 1 1 1 1 1 1 1 1 1 1 1 1 1 1 1 1 1 1 1 1 1 1 1 1 1 1 1 1 1 1 1 1 1 1 1 1 1 1 1 1 1 1 1 1 1 1 1 1 1 1 1 1 1 1 1 1 1 1 1 1 1 1 1 1 1 1 1 1 1 1 1 1 1 1 1 1 1 1 1 1 1 1 1 1 1 1 1 1 1 1 1 1 1 1 1 1 1 1 1 1 1 1 1 1 1 1 1 1 1 1 1 1 1 1 1 1 1 1 1 1 1 1 1 1 1 1 1 1 1 1 1 1 1 1 1 1 1 1 1 1 1 1 1 1 1 1 1 1 1 1 1 1 1 1 1 1 1 1 1 1 1 1 1 1 1 1 1 1 1 1 1 1 1 1 1 1 1 1 1 1 1 1 1 1 1 1 1 1 1 1 1 1 1 1 1 1 1 1 1 1 1 1 1 1 1 1 1 1 1 1 1 1 1 1 1 1 1 1 1 1 1 1 1 1 1 1 1 1 1 1 1 1 1 1 1 1 1 1 1 1 1 1 1 1 1 1 1 1 1 1 1 1 1 1 1 1 1 1 1 1 1 1 1 1 1 1 1 1 1 1 1 1 1 1 1 1 1 1 1 1 1 1 1 1 1 1 1 1 1 1 1 1 1 1 1 1 1 1 1 1 1 1 1 1 1 1 1 1 1 1 1 1 1 1 1 1 1 1 1 1 1 1 1 1 1 1 1 1 1 1 1 1 1 1 1 1 1 1 1 1 1 1 1 1 1 1 1 1 1 1 1 1 1 1 1 1 1 1 1 1 1 1 1 1 1 1 1 1 1 1 1 1 1 1 1 1 1 1 1 1 1 1 1 1 1 1 1 1 1 1 1 1 1 1 1 1 1 1 1 1 1 1 1 1 1 1 1 1 1 1 1 1 1 1 1 1 1 1 1 1 1 1 1 1 1 1 1 1 1 1 1 1 1 1 1 1 1 1 1 1 1 1 1 1 1 1 1 1 1 1 1 1 1 1 1 1 1 1 1 1 1 1 1 1 1 1 1 1 1 1 1 1 1 1 1 1 1 1 1 1 1 1 1 1 1 1 1 1 1 1 1 1 1 1 1 1 1 1 1 1 1 1 1 1 1 1 1 1 1 1 1 1 1 1 1 1 1 1 1 1 1 1 1 1 1 1 1 1 1 1 1 1 1 1 1 1 1 1 1 1 1 1 1 1 1 1 1 1 1 1 1 1 1 1 1 1 1 1 1 1 1 1 1 1 1 1 1 1 1 1 1 1 1 1 1 1 1 1 1 1 1 1 1 1 1 1 1 1 1 1 1 1 1 1 1 1 1 1 1 1 1 1 1 1 1 1 1 1 1 1 1 1 1 1 1 1 1 1 1 1 1 1 1 1 1 1 1 1 1 1 1 1 1 1 1 1 1 1 1 1 1 1 1 1 1 1 1 1 1 1 1 1 1 1 1 1 1 1 1 1 1 1 1 1 1 1 1 1 1 1 1 1 1 1 1 1 1 1 1 1 1 1 1 1 1 1 1 1 1 1 1 1 1 1 1 1 1 1 1 1 1 1 1 1 1 1 1 1 1 1 1 1 1 1 1 1 1 1 1 1 1 1 1 1 1 1 1 1 1 1 1 1 1 1 1 1 1 1 1 1 1 1 1 1 1 1 1 1 1 1 1 1 1 1 1 1 1 1 1 1 1 1 1 1 1 1 1 1 1 1 1 1 1 1 1 1 1 1 1 1 1 1 1 1 1 1 1 1 1 1 1 1 1 1 1 1 1 1 1 1 1 1 1 1 1 1 1 1 1 1 1 1 1 1 1 1 1 1 1 1 1 1 1 1 1 1 1 1 1 1 1 1 1 1 1 1 1 1 1 1 1 1 1 1 1 1 1 1 1 1 1 1 1 1 1 1 1 1 1 1 1 1 1 1 1 1 1 1 1 1 1 1 1 1 1 1 1 1 1 1 1 1 1 1 1 1 1 1 1 1 1 1 1 1 1 1 1 </vcount>
<v>0 0 0 1 0 2 0 3 0 4 0 5 0 6 0 7 0 8 0 9 0 10 0 11 0 12 0 13 0 14 0 15 0 16 0 17 0 18 0 19 0 20 0 21 0 22 0 23 0 24 0 25 0 26 0 27 0 28 0 29 0 30 0 31 0 32 0 33 0 34 0 35 0 36 0 37 0 38 0 39 0 40 0 41 0 42 0 43 0 44 0 45 0 46 0 47 0 48 0 49 0 50 0 51 0 52 0 53 0 54 0 55 0 56 0 57 0 58 0 59 0 60 0 61 0 62 0 63 0 64 0 65 0 66 0 67 0 68 0 69 0 70 0 71 0 72 0 73 0 74 0 75 0 76 0 77 0 78 0 79 0 80 0 81 0 82 0 83 0 84 0 85 0 86 0 87 0 88 0 89 0 90 0 91 1 92 1 93 1 94 1 95 1 96 1 97 1 98 1 99 1 100 1 101 1 102 1 103 1 104 1 105 1 106 1 107 1 108 1 109 1 110 1 111 1 112 1 113 1 114 1 115 1 116 1 117 1 118 1 119 1 120 1 121 1 122 1 123 1 124 1 125 1 126 1 127 1 128 1 129 1 130 1 131 1 132 1 133 1 134 1 135 1 136 1 137 1 138 1 139 1 140 1 141 1 142 1 143 1 144 1 145 1 146 1 147 1 148 1 149 1 150 1 151 1 152 1 153 1 154 1 155 1 156 1 157 1 158 1 159 1 160 1 161 1 162 1 163 1 164 1 165 1 166 1 167 1 168 1 169 1 170 1 171 1 172 1 173 1 174 1 175 1 176 1 177 1 178 1 179 1 180 1 181 1 182 1 183 2 184 2 185 2 186 2 187 2 188 2 189 2 190 2 191 2 192 2 193 2 194 2 195 2 196 2 197 2 198 2 199 2 200 2 201 2 202 2 203 2 204 2 205 2 206 2 207 2 208 2 209 2 210 2 211 2 212 2 213 2 214 2 215 2 216 2 217 2 218 2 219 2 220 2 221 2 222 2 223 2 224 2 225 2 226 2 227 2 228 2 229 2 230 2 231 2 232 2 233 2 234 2 235 2 236 2 237 2 238 2 239 2 240 2 241 2 242 2 243 2 244 2 245 2 246 2 247 2 248 2 249 2 250 2 251 2 252 2 253 2 254 2 255 2 256 2 257 2 258 2 259 2 260 2 261 2 262 2 263 2 264 2 265 2 266 2 267 2 268 2 269 2 270 2 271 2 272 2 273 2 274 2 275 3 276 3 277 3 278 3 279 3 280 3 281 3 282 3 283 3 284 3 285 3 286 3 287 3 288 3 289 3 290 3 291 3 292 3 293 3 294 3 295 3 296 3 297 3 298 3 299 3 300 3 301 3 302 3 303 3 304 3 305 3 306 3 307 3 308 3 309 3 310 3 311 3 312 3 313 3 314 3 315 3 316 3 317 3 318 3 319 3 320 3 321 3 322 3 323 3 324 3 325 3 326 3 327 3 328 3 329 3 330 3 331 3 332 3 333 3 334 3 335 3 336 3 337 3 338 3 339 3 340 3 341 3 342 3 343 3 344 3 345 3 346 3 347 3 348 3 349 3 350 3 351 3 352 3 353 3 354 3 355 3 356 3 357 3 358 3 359 3 360 3 361 3 362 3 363 3 364 3 365 3 366 3 367 4 368 4 369 4 370 4 371 4 372 4 373 4 374 4 375 5 376 5 377 5 378 5 379 5 380 5 381 5 382 5 383 5 384 5 385 5 386 5 387 5 388 5 389 5 390 5 391 5 392 5 393 5 394 5 395 5 396 5 397 5 398 5 399 5 400 5 401 5 402 5 403 5 404 5 405 5 406 5 407 5 408 5 409 5 410 5 411 5 412 5 413 5 414 5 415 5 416 5 417 5 418 5 419 5 420 5 421 5 422 5 423 5 424 5 425 5 426 5 427 5 428 5 429 5 430 5 431 5 432 5 433 5 434 5 435 5 436 5 437 5 438 5 439 5 440 5 441 5 442 5 443 5 444 5 445 5 446 5 447 5 448 5 449 5 450 5 451 5 452 5 453 5 454 5 455 5 456 5 457 5 458 5 459 5 460 5 461 5 462 5 463 5 464 5 465 5 466 5 467 5 468 5 469 5 470 5 471 5 472 5 473 5 474 5 475 5 476 5 477 5 478 5 479 5 480 5 481 5 482 5 483 5 484 5 485 5 486 5 487 5 488 5 489 5 490 5 491 5 492 5 493 5 494 5 495 5 496 5 497 5 498 5 499 5 500 5 501 5 502 5 503 5 504 5 505 5 506 5 507 5 508 5 509 5 510 5 511 5 512 5 513 5 514 5 515 5 516 5 517 5 518 5 519 5 520 5 521 5 522 5 523 5 524 5 525 5 526 5 527 5 528 5 529 5 530 5 531 5 532 5 533 5 534 5 535 5 536 5 537 5 538 5 539 5 540 5 541 5 542 5 543 5 544 5 545 5 546 5 547 5 548 5 549 5 550 5 551 5 552 5 553 5 554 5 555 5 556 5 557 5 558 5 559 5 560 5 561 5 562 5 563 5 564 5 565 5 566 5 567 5 568 5 569 5 570 5 571 5 572 5 573 5 574 5 575 5 576 5 577 5 578 5 579 5 580 5 581 5 582 5 583 5 584 5 585 5 586 5 587 5 588 5 589 5 590 5 591 5 592 5 593 5 594 5 595 5 596 5 597 5 598 5 599 5 600 5 601 5 602 5 603 5 604 5 605 5 606 5 607 5 608 5 609 5 610 5 611 5 612 5 613 5 614 5 615 5 616 5 617 5 618 5 619 5 620 5 621 5 622 5 623 5 624 5 625 5 626 5 627 6 628 6 629 6 630 6 631 6 632 6 633 6 634 6 635 6 636 6 637 6 638 6 639 6 640 6 641 6 642 6 643 6 644 6 645 6 646 6 647 6 648 6 649 6 650 6 651 6 652 6 653 6 654 6 655 6 656 6 657 6 658 6 659 7 660 7 661 7 662 7 663 7 664 7 665 7 666 7 667 7 668 7 669 7 670 7 671 7 672 7 673 7 674 7 675 7 676 7 677 7 678 7 679 7 680 7 681 7 682 7 683 7 684 7 685 7 686 7 687 7 688 7 689 7 690 7 691 7 692 7 693 7 694 7 695 7 696 7 697 7 698 7 699 7 700 7 701 7 702 7 703 7 704 7 705 7 706 7 707 7 708 7 709 7 710 7 711 7 712 7 713 7 714 7 715 7 716 7 717 7 718 7 719 7 720 7 721 7 722 7 723 7 724 7 725 7 726 7 727 7 728 7 729 7 730 7 731 7 732 7 733 7 734 7 735 7 736 7 737 8 738 8 739 8 740 8 741 8 742 8 743 8 744 8 745 8 746 8 747 8 748 8 749 8 750 8 751 8 752 8 753 8 754 8 755 8 756 8 757 8 758 8 759 8 760 8 761 8 762 8 763 8 764 8 765 8 766 8 767 8 768 8 769 8 770 8 771 8 772 8 773 8 774 8 775 8 776 8 777 8 778 8 779 8 780 8 781 8 782 8 783 8 784 8 785 8 786 8 787 8 788 8 789 8 790 8 791 8 792 8 793 8 794 8 795 8 796 8 797 8 798 8 799 8 800 8 801 8 802 8 803 8 804 8 805 9 806 9 807 9 808 9 809 9 810 9 811 9 812 9 813 9 814 9 815 9 816 9 817 9 818 9 819 9 820 9 821 9 822 9 823 9 824 9 825 9 826 9 827 9 828 9 829 9 830 9 831 9 832 9 833 9 834 9 835 9 836 9 837 9 838 9 839 9 840 9 841 9 842 9 843 9 844 9 845 9 846 9 847 9 848 9 849 9 850 9 851 9 852 9 853 9 854 9 855 9 856 9 857 9 858 9 859 9 860 9 861 9 862 9 863 9 864 9 865 9 866 9 867 9 868 9 869 9 870 9 871 9 872 9 873 9 874 9 875 9 876 9 877 9 878 9 879 9 880 9 881 9 882 9 883 9 884 9 885 9 886 9 887 9 888 9 889 9 890 9 891 9 892 9 893 9 894 9 895 9 896 9 897 9 898 9 899 9 900 9 901 9 902 9 903 9 904 9 905 9 906 9 907 9 908 9 909 9 910 9 911 9 912 9 913 9 914 9 915 9 916 9 917 9 918 9 919 9 920 9 921 9 922 9 923 9 924 9 925 9 926 9 927 9 928 9 929 9 930 9 931 9 932 9 933 9 934 9 935 9 936 9 937 9 938 9 939 9 940 9 941 9 942 9 943 9 944 9 945 9 946 9 947 9 948 9 949 9 950 9 951 9 952 9 953 9 954 9 955 9 956 9 957 9 958 9 959 9 960 9 961 9 962 9 963 9 964 9 965 10 966 10 967 10 968 10 969 10 970 10 971 10 972 10 973 10 974 10 975 10 976 10 977 10 978 10 979 10 980 10 981 10 982 10 983 10 984 10 985 10 986 10 987 10 988 10 989 10 990 10 991 10 992 10 993 10 994 10 995 10 996 10 997 11 998 11 999 11 1000 11 1001 11 1002 11 1003 11 1004 11 1005 11 1006 11 1007 11 1008 11 1009 11 1010 11 1011 11 1012 11 1013 11 1014 11 1015 11 1016 11 1017 11 1018 11 1019 11 1020 11 1021 11 1022 11 1023 11 1024 11 1025 11 1026 11 1027 11 1028 11 1029 11 1030 11 1031 11 1032 11 1033 11 1034 11 1035 11 1036 11 1037 11 1038 11 1039 11 1040 11 1041 11 1042 11 1043 11 1044 11 1045 11 1046 11 1047 11 1048 11 1049 11 1050 11 1051 11 1052 11 1053 11 1054 11 1055 11 1056 11 1057 11 1058 11 1059 11 1060 11 1061 11 1062 11 1063 11 1064 11 1065 11 1066 11 1067 11 1068 11 1069 11 1070 11 1071 11 1072 11 1073 11 1074 11 1075 12 1076 12 1077 12 1078 12 1079 12 1080 12 1081 12 1082 12 1083 12 1084 12 1085 12 1086 12 1087 12 1088 12 1089 12 1090 12 1091 12 1092 12 1093 12 1094 12 1095 12 1096 12 1097 12 1098 12 1099 12 1100 12 1101 12 1102 12 1103 12 1104 12 1105 12 1106 12 1107 12 1108 12 1109 12 1110 12 1111 12 1112 12 1113 12 1114 12 1115 12 1116 12 1117 12 1118 12 1119 12 1120 12 1121 12 1122 12 1123 12 1124 12 1125 12 1126 12 1127 12 1128 12 1129 12 1130 12 1131 12 1132 12 1133 12 1134 12 1135 12 1136 12 1137 12 1138 12 1139 12 1140 12 1141 12 1142 12 1143 13 1144 13 1145 13 1146 13 1147 13 1148 13 1149 13 1150 13 1151 13 1152 13 1153 13 1154 13 1155 13 1156 13 1157 13 1158 13 1159 13 1160 13 1161 13 1162 13 1163 13 1164 13 1165 13 1166 13 1167 13 1168 13 1169 13 1170 13 1171 13 1172 13 1173 13 1174 13 1175 13 1176 13 1177 13 1178 13 1179 13 1180 13 1181 13 1182 13 1183 13 1184 13 1185 13 1186 13 1187 13 1188 13 1189 13 1190 13 1191 13 1192 13 1193 13 1194 13 1195 13 1196 13 1197 13 1198 13 1199 13 1200 13 1201 13 1202 13 1203 13 1204 13 1205 13 1206 13 1207 13 1208 13 1209 13 1210 13 1211 13 1212 13 1213 13 1214 13 1215 13 1216 13 1217 13 1218 13 1219 13 1220 13 1221 13 1222 13 1223 13 1224 13 1225 13 1226 13 1227 13 1228 13 1229 13 1230 13 1231 13 1232 13 1233 13 1234 13 1235 13 1236 13 1237 13 1238 13 1239 13 1240 13 1241 13 1242 13 1243 13 1244 13 1245 13 1246 13 1247 13 1248 13 1249 13 1250 13 1251 13 1252 13 1253 13 1254 13 1255 13 1256 13 1257 13 1258 13 1259 13 1260 13 1261 13 1262 13 1263 13 1264 13 1265 13 1266 13 1267 13 1268 13 1269 13 1270 13 1271 13 1272 13 1273 13 1274 13 1275 13 1276 13 1277 13 1278 13 1279 13 1280 13 1281 13 1282 13 1283 13 1284 13 1285 13 1286 13 1287 13 1288 13 1289 13 1290 13 1291 13 1292 13 1293 13 1294 13 1295 13 1296 13 1297 13 1298 13 1299 13 1300 13 1301 13 1302 13 1303 15 1304 15 1305 15 1306 15 1307 15 1308 15 1309 15 1310 15 1311 15 1312 15 1313 15 1314 15 1315 15 1316 15 1317 15 1318 15 1319 15 1320 15 1321 15 1322 15 1323 15 1324 15 1325 15 1326 15 1327 15 1328 15 1329 15 1330 15 1331 15 1332 15 1333 15 1334 15 1335 15 1336 15 1337 15 1338 15 1339 15 1340 15 1341 15 1342 15 1343 15 1344 15 1345 15 1346 15 1347 15 1348 15 1349 15 1350 15 1351 15 1352 15 1353 15 1354 15 1355 15 1356 15 1357 15 1358 15 1359 15 1360 15 1361 15 1362 15 1363 15 1364 15 1365 15 1366 15 1367 15 1368 15 1369 15 1370 15 1371 15 1372 15 1373 15 1374 15 1375 15 1376 15 1377 15 1378 15 1379 15 1380 15 1381 15 1382 15 1383 14 1384 14 1385 14 1386 14 1387 14 1388 14 1389 14 1390 14 1391 14 1392 14 1393 14 1394 14 1395 14 1396 14 1397 14 1398 14 1399 14 1400 14 1401 14 1402 14 1403 14 1404 14 1405 14 1406 14 1407 14 1408 14 1409 14 1410 14 1411 14 1412 14 1413 14 1414 14 1415 14 1416 14 1417 14 1418 14 1419 14 1420 14 1421 14 1422 14 1423 14 1424 14 1425 14 1426 14 1427 14 1428 14 1429 14 1430 14 1431 14 1432 14 1433 14 1434 14 1435 14 1436 14 1437 14 1438 14 1439 14 1440 14 1441 14 1442 14 1443 14 1444 14 1445 14 1446 14 1447 14 1448 14 1449 14 1450 14 1451 14 1452 14 1453 14 1454 14 1455 14 1456 14 1457 14 1458 14 1459 14 1460 14 1461 14 1462 14 1463 16 1464 16 1465 16 1466 16 1467 16 1468 16 1469 16 1470 16 1471 16 1472 16 1473 16 1474 16 1475 16 1476 16 1477 16 1478 16 1479 16 1480 16 1481 16 1482 16 1483 16 1484 16 1485 16 1486 16 1487 16 1488 16 1489 16 1490 16 1491 16 1492 16 1493 16 1494 16 1495 16 1496 16 1497 16 1498 16 1499 16 1500 16 1501 16 1502 16 1503 16 1504 16 1505 16 1506 16 1507 16 1508 16 1509 16 1510 16 1511 16 1512 16 1513 16 1514 16 1515 17 1516 17 1517 17 1518 17 1519 17 1520 17 1521 17 1522 17 1523 17 1524 17 1525 17 1526 17 1527 17 1528 17 1529 17 1530 17 1531 17 1532 17 1533 17 1534 17 1535 17 1536 17 1537 17 1538 17 1539 17 1540 17 1541 17 1542 17 1543 17 1544 17 1545 17 1546 17 1547 17 1548 17 1549 17 1550 17 1551 17 1552 17 1553 17 1554 17 1555 17 1556 17 1557 17 1558 17 1559 17 1560 17 1561 17 1562 17 1563 17 1564 17 1565 17 1566 17 1567 17 1568 17 1569 17 1570 17 1571 17 1572 17 1573 17 1574 17 1575 17 1576 17 1577 17 1578 17 1579 17 1580 17 1581 17 1582 17 1583 17 1584 17 1585 17 1586 17 1587 17 1588 17 1589 17 1590 17 1591 17 1592 17 1593 17 1594 17 1595 18 1596 18 1597 18 1598 18 1599 18 1600 18 1601 18 1602 18 1603 18 1604 18 1605 18 1606 18 1607 18 1608 18 1609 18 1610 18 1611 18 1612 18 1613 18 1614 18 1615 18 1616 18 1617 18 1618 18 1619 18 1620 18 1621 18 1622 18 1623 18 1624 18 1625 18 1626 18 1627 18 1628 18 1629 18 1630 18 1631 18 1632 18 1633 18 1634 18 1635 18 1636 18 1637 18 1638 18 1639 18 1640 18 1641 18 1642 18 1643 18 1644 18 1645 18 1646 18 1647 18 1648 18 1649 18 1650 18 1651 18 1652 18 1653 18 1654 18 1655 18 1656 18 1657 18 1658 18 1659 18 1660 18 1661 18 1662 18 1663 18 1664 18 1665 18 1666 18 1667 18 1668 18 1669 18 1670 18 1671 18 1672 18 1673 18 1674 18 1675 19 1676 19 1677 19 1678 19 1679 19 1680 19 1681 19 1682 19 1683 19 1684 19 1685 19 1686 19 1687 19 1688 19 1689 19 1690 19 1691 19 1692 19 1693 19 1694 19 1695 19 1696 19 1697 19 1698 19 1699 19 1700 19 1701 19 1702 19 1703 19 1704 19 1705 19 1706 19 1707 19 1708 19 1709 19 1710 19 1711 19 1712 19 1713 19 1714 19 1715 19 1716 19 1717 19 1718 19 1719 19 1720 19 1721 19 1722 19 1723 19 1724 19 1725 19 1726 19 1727 20 1728 20 1729 20 1730 20 1731 20 1732 20 1733 20 1734 20 1735 21 1736 21 1737 21 1738 21 1739 21 1740 21 1741 21 1742 21 1743 22 1744 22 1745 22 1746 22 1747 22 1748 22 1749 22 1750 22 1751 22 1752 22 1753 22 1754 22 1755 22 1756 22 1757 22 1758 22 1759 22 1760 22 1761 22 1762 22 1763 22 1764 22 1765 22 1766 22 1767 22 1768 22 1769 22 1770 22 1771 22 1772 22 1773 22 1774 22 1775 22 1776 22 1777 22 1778 22 1779 22 1780 22 1781 22 1782 22 1783 22 1784 22 1785 22 1786 22 1787 22 1788 22 1789 22 1790 22 1791 22 1792 22 1793 22 1794 22 1795 22 1796 22 1797 22 1798 22 1799 22 1800 22 1801 22 1802 22 1803 22 1804 22 1805 22 1806 22 1807 22 1808 22 1809 22 1810 22 1811 22 1812 22 1813 22 1814 22 1815 22 1816 22 1817 22 1818 22 1819 22 1820 22 1821 22 1822 22 1823 22 1824 22 1825 22 1826 22 1827 22 1828 22 1829 22 1830 22 1831 22 1832 22 1833 22 1834 22 1835 22 1836 22 1837 22 1838 22 1839 22 1840 22 1841 22 1842 22 1843 22 1844 22 1845 22 1846 22 1847 22 1848 22 1849 22 1850 22 1851 22 1852 22 1853 22 1854 22 1855 22 1856 22 1857 22 1858 22 1859 22 1860 22 1861 22 1862 22 1863 22 1864 22 1865 22 1866 22 1867 22 1868 22 1869 22 1870 22 1871 22 1872 22 1873 22 1874 22 1875 22 1876 22 1877 22 1878 22 1879 22 1880 22 1881 22 1882 22 1883 22 1884 22 1885 22 1886 22 1887 22 1888 22 1889 22 1890 22 1891 22 1892 22 1893 22 1894 22 1895 22 1896 22 1897 22 1898 22 1899 22 1900 22 1901 22 1902 22 1903 22 1904 22 1905 22 1906 22 1907 22 1908 22 1909 22 1910 22 1911 22 1912 22 1913 22 1914 22 1915 22 1916 22 1917 22 1918 22 1919 22 1920 22 1921 22 1922 22 1923 22 1924 22 1925 22 1926 22 1927 22 1928 22 1929 22 1930 22 1931 22 1932 22 1933 22 1934 22 1935 22 1936 22 1937 22 1938 22 1939 22 1940 22 1941 22 1942 22 1943 22 1944 22 1945 22 1946 22 1947 22 1948 22 1949 22 1950 22 1951 22 1952 22 1953 22 1954 22 1955 22 1956 22 1957 22 1958 22 1959 22 1960 22 1961 22 1962 22 1963 22 1964 22 1965 22 1966 22 1967 22 1968 22 1969 22 1970 22 1971 </v>
</vertex_weights>
</skin>
</controller>
</library_controllers>
<library_visual_scenes>
<visual_scene id="Scene" name="Scene">
<node id="Armature" name="Armature" type="NODE">
<translate sid="location">0 0 0</translate>
<rotate sid="rotationZ">0 0 1 0</rotate>
<rotate sid="rotationY">0 1 0 0</rotate>
<rotate sid="rotationX">1 0 0 0</rotate>
<scale sid="scale">1 1 1</scale>
<node id="Bone_000" name="Hips" sid="Bone_000" type="JOINT">
<matrix sid="transform">1 0 0 0 0 1 0 0 0 0 1 0.75 0 0 0 1 </matrix>
<node id="Bone_001" name="Spine" sid="Bone_001" type="JOINT">
<matrix sid="transform">1 0 0 0 0 1 0 0 0 0 1 0.12 0 0 0 1 </matrix>
<node id="Bone_002" name="Chest" sid="Bone_002" type="JOINT">
<matrix sid="transform">1 0 0 0 0 1 0 0 0 0 1 0.12 0 0 0 1 </matrix>
<node id="Bone_003" name="UpperChest" sid="Bone_003" type="JOINT">
<matrix sid="transform">1 0 0 0 0 1 0 0 0 0 1 0.12 0 0 0 1 </matrix>
<node id="Bone_004" name="Neck" sid="Bone_004" type="JOINT">
<matrix sid="transform">1 0 0 0 0 1 0 0 0 0 1 0.12 0 0 0 1 </matrix>
<node id="Bone_005" name="Head" sid="Bone_005" type="JOINT">
<matrix sid="transform">1 0 0 0 0 1 0 0 0 0 1 0.12 0 0 0 1 </matrix>
<node id="Bone_022" name="Bone.022" sid="Bone_022" type="JOINT">
<matrix sid="transform">1 0 0 0 0 1 0 0 0 0 1 0.1684301 0 0 0 1 </matrix>
</node>
</node>
</node>
<node id="Bone_006" name="LeftShoulder" sid="Bone_006" type="JOINT">
<matrix sid="transform">1 0 0 0.18 0 1 0 0 0 0 1 0 0 0 0 1 </matrix>
<node id="Bone_007" name="LeftUpperArm" sid="Bone_007" type="JOINT">
<matrix sid="transform">1 0 0 0.06 0 1 0 0 0 0 1 0 0 0 0 1 </matrix>
<node id="Bone_008" name="LeftLowerArm" sid="Bone_008" type="JOINT">
<matrix sid="transform">1 0 0 0.24 0 1 0 0 0 0 1 0 0 0 0 1 </matrix>
<node id="Bone_009" name="LeftHand" sid="Bone_009" type="JOINT">
<matrix sid="transform">1 0 0 0.24 0 1 0 0 0 0 1 0 0 0 0 1 </matrix>
<node id="Bone_020" name="LeftHandheld" sid="Bone_020" type="JOINT">
<matrix sid="transform">1 0 0 0.06 0 1 0 0 0 0 1 0 0 0 0 1 </matrix>
</node>
</node>
</node>
</node>
</node>
<node id="Bone_010" name="RightShoulder" sid="Bone_010" type="JOINT">
<matrix sid="transform">1 0 0 -0.18 0 1 0 0 0 0 1 0 0 0 0 1 </matrix>
<node id="Bone_011" name="RightUpperArm" sid="Bone_011" type="JOINT">
<matrix sid="transform">1 0 0 -0.06 0 1 0 0 0 0 1 0 0 0 0 1 </matrix>
<node id="Bone_012" name="RightLowerArm" sid="Bone_012" type="JOINT">
<matrix sid="transform">1 0 0 -0.24 0 1 0 0 0 0 1 0 0 0 0 1 </matrix>
<node id="Bone_013" name="RightHand" sid="Bone_013" type="JOINT">
<matrix sid="transform">1 0 0 -0.24 0 1 0 0 0 0 1 0 0 0 0 1 </matrix>
<node id="Bone_021" name="RightHandheld" sid="Bone_021" type="JOINT">
<matrix sid="transform">1 0 0 -0.06 0 1 0 0 0 0 1 0 0 0 0 1 </matrix>
</node>
</node>
</node>
</node>
</node>
</node>
</node>
</node>
<node id="Bone_014" name="LeftUpperLeg" sid="Bone_014" type="JOINT">
<matrix sid="transform">1 0 0 0.12 0 1 0 0 0 0 1 -0.05999994 0 0 0 1 </matrix>
<node id="Bone_015" name="LeftLowerLeg" sid="Bone_015" type="JOINT">
<matrix sid="transform">1 0 0 0 0 1 0 0 0 0 1 -0.3 0 0 0 1 </matrix>
<node id="Bone_016" name="LeftFoot" sid="Bone_016" type="JOINT">
<matrix sid="transform">1 0 0 0 0 1 0 0 0 0 1 -0.3 0 0 0 1 </matrix>
</node>
</node>
</node>
<node id="Bone_017" name="RightUpperLeg" sid="Bone_017" type="JOINT">
<matrix sid="transform">1 0 0 -0.12 0 1 0 0 0 0 1 -0.05999994 0 0 0 1 </matrix>
<node id="Bone_018" name="RightLowerLeg" sid="Bone_018" type="JOINT">
<matrix sid="transform">1 0 0 0 0 1 0 0 0 0 1 -0.3 0 0 0 1 </matrix>
<node id="Bone_019" name="RightFoot" sid="Bone_019" type="JOINT">
<matrix sid="transform">1 0 0 0 0 1 0 0 0 0 1 -0.3 0 0 0 1 </matrix>
</node>
</node>
</node>
</node>
</node>
<node id="Voxel_0" name="Voxel_0" type="NODE">
<translate sid="location">0 0 0</translate>
<rotate sid="rotationZ">0 0 1 0</rotate>
<rotate sid="rotationY">0 1 0 0</rotate>
<rotate sid="rotationX">1 0 0 0</rotate>
<scale sid="scale">1 1 1</scale>
<instance_controller url="#Armature_Voxel_0-skin">
<skeleton>#Bone_000</skeleton>
<bind_material>
<technique_common>
<instance_material symbol="Material_255-material" target="#Material_255-material"/>
<instance_material symbol="Material_000-material" target="#Material_000-material"/>
<instance_material symbol="Material_001-material" target="#Material_001-material"/>
<instance_material symbol="Material_002-material" target="#Material_002-material"/>
<instance_material symbol="Material_003-material" target="#Material_003-material"/>
<instance_material symbol="Material_004-material" target="#Material_004-material"/>
</technique_common>
</bind_material>
</instance_controller>
</node>
</visual_scene>
</library_visual_scenes>
<scene>
<instance_visual_scene url="#Scene"/>
</scene>
</COLLADA>
